商品id,商品名称,价格,商品大类,商品小类,链接,小类id,小类url
2049239,AGAPE亞加‧貝 3M防潑水專利防蹣抗菌床包式保潔墊(單人/雙人/加大),399,寢具,熱銷TOP30,https://www.etmall.com.tw/AGAPE亞加-貝-3M防潑水專利防蹣抗菌床包式保潔墊-單人-雙人-加大/i/2049239?Store=5&Cate=137416,137416,https://www.etmall.com.tw/熱銷TOP30-寢具/c3/137416
2153187,韓國人氣推薦 神魂麻藥枕頭(2入組),611,寢具,熱銷TOP30,https://www.etmall.com.tw/韓國人氣推薦-神魂麻藥枕頭-2入組/i/2153187?Store=5&Cate=137416,137416,https://www.etmall.com.tw/熱銷TOP30-寢具/c3/137416
2088135,DUYAN竹漾- 3M高效防潑水透氣雙人床包式保潔墊- 多款任選,386,寢具,熱銷TOP30,https://www.etmall.com.tw/DUYAN竹漾-3M高效防潑水透氣雙人床包式保潔墊-多款任選/i/2088135?Store=5&Cate=137416,137416,https://www.etmall.com.tw/熱銷TOP30-寢具/c3/137416
2139562,台灣飛狼Jack Wolfskin  蠶絲銀離子抗菌被 吸濕排濕 防蟎抗菌 蓄熱升溫 冬被,1445,寢具,熱銷TOP30,https://www.etmall.com.tw/台灣飛狼Jack-Wolfskin-蠶絲銀離子抗菌被-吸濕排濕-防蟎抗菌-蓄熱升溫-冬被/i/2139562?Store=5&Cate=137416,137416,https://www.etmall.com.tw/熱銷TOP30-寢具/c3/137416
1881666,精靈工廠 1.6KG發熱羊毛被 奈米銀離子 抑菌除臭 吸濕排汗,565,寢具,熱銷TOP30,https://www.etmall.com.tw/精靈工廠-1-6KG發熱羊毛被-奈米銀離子-抑菌除臭-吸濕排汗/i/1881666?Store=5&Cate=137416,137416,https://www.etmall.com.tw/熱銷TOP30-寢具/c3/137416
2132187,FOCA 匈牙利100%天然水鳥羽毛絨暖冬被-MIT製造,960,寢具,熱銷TOP30,https://www.etmall.com.tw/FOCA-匈牙利100-天然水鳥羽毛絨暖冬被-MIT製造/i/2132187?Store=5&Cate=137416,137416,https://www.etmall.com.tw/熱銷TOP30-寢具/c3/137416
2522191,LooCa頂規純蠶絲舒眠手工冬被,4880,寢具,熱銷TOP30,https://www.etmall.com.tw/LooCa頂規純蠶絲舒眠手工冬被/i/2522191?Store=5&Cate=137416,137416,https://www.etmall.com.tw/熱銷TOP30-寢具/c3/137416
2537008,SOUL Bedding 天絲釋壓記憶枕(任選款式)-單顆,960,寢具,熱銷TOP30,https://www.etmall.com.tw/SOUL-Bedding-天絲釋壓記憶枕-任選款式-單顆/i/2537008?Store=5&Cate=137416,137416,https://www.etmall.com.tw/熱銷TOP30-寢具/c3/137416
2537007,SOUL Bedding 天絲釋壓記憶枕(任選款式)-兩入組,1536,寢具,熱銷TOP30,https://www.etmall.com.tw/SOUL-Bedding-天絲釋壓記憶枕-任選款式-兩入組/i/2537007?Store=5&Cate=137416,137416,https://www.etmall.com.tw/熱銷TOP30-寢具/c3/137416
2520776,LooCa天絲400織紗輕柔寢具組-雙,2880,寢具,熱銷TOP30,https://www.etmall.com.tw/LooCa天絲400織紗輕柔寢具組-雙/i/2520776?Store=5&Cate=137416,137416,https://www.etmall.com.tw/熱銷TOP30-寢具/c3/137416
2503635,NINO1881可水洗遠紅外線雙面魔力毯,2280,寢具,熱銷TOP30,https://www.etmall.com.tw/NINO1881可水洗遠紅外線雙面魔力毯/i/2503635?Store=5&Cate=137416,137416,https://www.etmall.com.tw/熱銷TOP30-寢具/c3/137416
2513142,LooCa石墨稀超科技獨立筒枕,2580,寢具,熱銷TOP30,https://www.etmall.com.tw/LooCa石墨稀超科技獨立筒枕/i/2513142?Store=5&Cate=137416,137416,https://www.etmall.com.tw/熱銷TOP30-寢具/c3/137416
2403195,全球熱銷舒眠雙面重力被,4880,寢具,熱銷TOP30,https://www.etmall.com.tw/全球熱銷舒眠雙面重力被/i/2403195?Store=5&Cate=137416,137416,https://www.etmall.com.tw/熱銷TOP30-寢具/c3/137416
2522143,NATRUALLY JOJO肩頸鬆瑜珈康健枕,1880,寢具,熱銷TOP30,https://www.etmall.com.tw/NATRUALLY-JOJO肩頸鬆瑜珈康健枕/i/2522143?Store=5&Cate=137416,137416,https://www.etmall.com.tw/熱銷TOP30-寢具/c3/137416
2509090,LooCa靜鄉思語天絲寢具超值組-雙,3880,寢具,熱銷TOP30,https://www.etmall.com.tw/LooCa靜鄉思語天絲寢具超值組-雙/i/2509090?Store=5&Cate=137416,137416,https://www.etmall.com.tw/熱銷TOP30-寢具/c3/137416
2509091,LooCa靜鄉思語天絲寢具超值組-大,4180,寢具,熱銷TOP30,https://www.etmall.com.tw/LooCa靜鄉思語天絲寢具超值組-大/i/2509091?Store=5&Cate=137416,137416,https://www.etmall.com.tw/熱銷TOP30-寢具/c3/137416
2522348,SOUL Bedding 天絲釋壓護頸記憶枕-單顆,1273,寢具,熱銷TOP30,https://www.etmall.com.tw/SOUL-Bedding-天絲釋壓護頸記憶枕-單顆/i/2522348?Store=5&Cate=137416,137416,https://www.etmall.com.tw/熱銷TOP30-寢具/c3/137416
2522346,SOUL Bedding 天絲釋壓人體工學枕-單顆,1273,寢具,熱銷TOP30,https://www.etmall.com.tw/SOUL-Bedding-天絲釋壓人體工學枕-單顆/i/2522346?Store=5&Cate=137416,137416,https://www.etmall.com.tw/熱銷TOP30-寢具/c3/137416
2522347,SOUL Bedding 天絲釋壓護頸記憶枕-兩入組,2288,寢具,熱銷TOP30,https://www.etmall.com.tw/SOUL-Bedding-天絲釋壓護頸記憶枕-兩入組/i/2522347?Store=5&Cate=137416,137416,https://www.etmall.com.tw/熱銷TOP30-寢具/c3/137416
2522345,SOUL Bedding 天絲釋壓人體工學枕-兩入組,2288,寢具,熱銷TOP30,https://www.etmall.com.tw/SOUL-Bedding-天絲釋壓人體工學枕-兩入組/i/2522345?Store=5&Cate=137416,137416,https://www.etmall.com.tw/熱銷TOP30-寢具/c3/137416
2505736,NINO1881特級緹花100%純蠶絲被,3880,寢具,熱銷TOP30,https://www.etmall.com.tw/NINO1881特級緹花100-純蠶絲被/i/2505736?Store=5&Cate=137416,137416,https://www.etmall.com.tw/熱銷TOP30-寢具/c3/137416
2492276,LooCa親水記憶棉枕下殺組-勁,790,寢具,熱銷TOP30,https://www.etmall.com.tw/LooCa親水記憶棉枕下殺組-勁/i/2492276?Store=5&Cate=137416,137416,https://www.etmall.com.tw/熱銷TOP30-寢具/c3/137416
2516813,棉睡三店 台灣製 法蘭絨雙面厚暖被2入 (150x200cm),990,寢具,熱銷TOP30,https://www.etmall.com.tw/棉睡三店-台灣製-法蘭絨雙面厚暖被2入-150x200cm/i/2516813?Store=5&Cate=137416,137416,https://www.etmall.com.tw/熱銷TOP30-寢具/c3/137416
2516439,LEEDAR 麗的    頂級精梳棉兩用被床包組單人/雙人/加大(多款任選),990,寢具,熱銷TOP30,https://www.etmall.com.tw/LEEDAR-麗的-頂級精梳棉兩用被床包組單人-雙人-加大-多款任選/i/2516439?Store=5&Cate=137416,137416,https://www.etmall.com.tw/熱銷TOP30-寢具/c3/137416
2515755,NINO1881澳洲美麗諾羊毛石墨烯蓄熱被(2.4kg)-雙人6*7尺,1445,寢具,熱銷TOP30,https://www.etmall.com.tw/NINO1881澳洲美麗諾羊毛石墨烯蓄熱被-2-4kg-雙人6-7尺/i/2515755?Store=5&Cate=137416,137416,https://www.etmall.com.tw/熱銷TOP30-寢具/c3/137416
2495721,日本內外織物醫極棒可調機能枕-雙入,2870,寢具,熱銷TOP30,https://www.etmall.com.tw/日本內外織物醫極棒可調機能枕-雙入/i/2495721?Store=5&Cate=137416,137416,https://www.etmall.com.tw/熱銷TOP30-寢具/c3/137416
2505963,LEEDAR 麗的  法爵   頂級特大型乳膠枕買一送一四款任選,890,寢具,熱銷TOP30,https://www.etmall.com.tw/LEEDAR-麗的-法爵-頂級特大型乳膠枕買一送一四款任選/i/2505963?Store=5&Cate=137416,137416,https://www.etmall.com.tw/熱銷TOP30-寢具/c3/137416
2505298,KOSNEY   福氣  頂級石墨烯吸溼排汗續熱速暖機能發熱被單人/雙人任選台灣製造,990,寢具,熱銷TOP30,https://www.etmall.com.tw/KOSNEY-福氣-頂級石墨烯吸溼排汗續熱速暖機能發熱被單人-雙人任選台灣製造/i/2505298?Store=5&Cate=137416,137416,https://www.etmall.com.tw/熱銷TOP30-寢具/c3/137416
2491338,LooCa台灣製造石墨烯恆溫暖冬被,1880,寢具,熱銷TOP30,https://www.etmall.com.tw/LooCa台灣製造石墨烯恆溫暖冬被/i/2491338?Store=5&Cate=137416,137416,https://www.etmall.com.tw/熱銷TOP30-寢具/c3/137416
2497863,J-bedtime 高質感天絲TENCELR六件式舖棉床罩組-雙人/加大(多款任選),1980,寢具,熱銷TOP30,https://www.etmall.com.tw/J-bedtime-高質感天絲TENCELR六件式舖棉床罩組-雙人-加大-多款任選/i/2497863?Store=5&Cate=137416,137416,https://www.etmall.com.tw/熱銷TOP30-寢具/c3/137416
2495567,捕夢網-Royal Latex 泰國皇家乳膠枕,790,寢具,熱銷TOP30,https://www.etmall.com.tw/捕夢網-Royal-Latex-泰國皇家乳膠枕/i/2495567?Store=5&Cate=137416,137416,https://www.etmall.com.tw/熱銷TOP30-寢具/c3/137416
2492397,KOSNEY 白色 五星級飯店使用頂級雙人防絨100%天然水鳥羽毛絨被-6*7尺,951,寢具,熱銷TOP30,https://www.etmall.com.tw/KOSNEY-白色-五星級飯店使用頂級雙人防絨100-天然水鳥羽毛絨被-6-7尺/i/2492397?Store=5&Cate=137416,137416,https://www.etmall.com.tw/熱銷TOP30-寢具/c3/137416
2489937,夢之語 重磅加厚 羽絲絨被 (多款任選) 雙人180X210cm-1入 多用機能被/可鋪可蓋,852,寢具,熱銷TOP30,https://www.etmall.com.tw/夢之語-重磅加厚-羽絲絨被-多款任選-雙人180X210cm-1入-多用機能被-可鋪可蓋/i/2489937?Store=5&Cate=137416,137416,https://www.etmall.com.tw/熱銷TOP30-寢具/c3/137416
2489946,夢之語 3M頂級天絲兩用被床包四件組 (雙人) 多款任選,1703,寢具,熱銷TOP30,https://www.etmall.com.tw/夢之語-3M頂級天絲兩用被床包四件組-雙人-多款任選/i/2489946?Store=5&Cate=137416,137416,https://www.etmall.com.tw/熱銷TOP30-寢具/c3/137416
2487838,夢之語  防靜電雙面加厚 法蘭絨x羊羔絨暖暖被 (多款任選) 150X200cm-1入,499,寢具,熱銷TOP30,https://www.etmall.com.tw/夢之語-防靜電雙面加厚-法蘭絨x羊羔絨暖暖被-多款任選-150X200cm-1入/i/2487838?Store=5&Cate=137416,137416,https://www.etmall.com.tw/熱銷TOP30-寢具/c3/137416
2485548,夢之語 防靜電法蘭絨兩用(毯)被床包 雙人 多款任選,1196,寢具,熱銷TOP30,https://www.etmall.com.tw/夢之語-防靜電法蘭絨兩用-毯-被床包-雙人-多款任選/i/2485548?Store=5&Cate=137416,137416,https://www.etmall.com.tw/熱銷TOP30-寢具/c3/137416
2480972,NINO1881璀璨紫石墨烯蓄熱蠶絲被,3337,寢具,熱銷TOP30,https://www.etmall.com.tw/NINO1881璀璨紫石墨烯蓄熱蠶絲被/i/2480972?Store=5&Cate=137416,137416,https://www.etmall.com.tw/熱銷TOP30-寢具/c3/137416
2475759,LooCa石墨烯台灣工研所認證發熱被(1入)-1月活動,1399,寢具,熱銷TOP30,https://www.etmall.com.tw/LooCa石墨烯台灣工研所認證發熱被-1入-1月活動/i/2475759?Store=5&Cate=137416,137416,https://www.etmall.com.tw/熱銷TOP30-寢具/c3/137416
2469879,KOSNEY   100%天然手工蠶絲被 雙人6*7尺 ,1901,寢具,熱銷TOP30,https://www.etmall.com.tw/KOSNEY-100-天然手工蠶絲被-雙人6-7尺/i/2469879?Store=5&Cate=137416,137416,https://www.etmall.com.tw/熱銷TOP30-寢具/c3/137416
2469821,棉睡三店  保暖法蘭絨床包兩用毯被組(單人/雙人/加大),890,寢具,熱銷TOP30,https://www.etmall.com.tw/棉睡三店-保暖法蘭絨床包兩用毯被組-單人-雙人-加大/i/2469821?Store=5&Cate=137416,137416,https://www.etmall.com.tw/熱銷TOP30-寢具/c3/137416
2179857,澳洲Simple Living  七星級防霉抗菌高彈力釋壓枕-二入(台灣製),1207,寢具,枕頭,https://www.etmall.com.tw/澳洲Simple-Living-七星級防霉抗菌高彈力釋壓枕-二入-台灣製/i/2179857?Store=5&Cate=50700,50700,https://www.etmall.com.tw/枕頭-寢具/c2/50700
2217861,NINO1881 天絲釋壓竹炭記憶枕2入,1480,寢具,枕頭,https://www.etmall.com.tw/NINO1881-天絲釋壓竹炭記憶枕2入/i/2217861?Store=5&Cate=50700,50700,https://www.etmall.com.tw/枕頭-寢具/c2/50700
6087771,MIT科技羽絲絨枕2入,404,寢具,枕頭,https://www.etmall.com.tw/MIT科技羽絲絨枕2入/i/6087771?Store=5&Cate=50700,50700,https://www.etmall.com.tw/枕頭-寢具/c2/50700
2179868,澳洲Simple Living 抑菌活性碳慢回彈零壓工學記憶枕-一入(台灣製),759,寢具,枕頭,https://www.etmall.com.tw/澳洲Simple-Living-抑菌活性碳慢回彈零壓工學記憶枕-一入-台灣製/i/2179868?Store=5&Cate=50700,50700,https://www.etmall.com.tw/枕頭-寢具/c2/50700
1948338,Hilton 希爾頓 6D透氣舒柔乳膠枕,599,寢具,枕頭,https://www.etmall.com.tw/Hilton-希爾頓-6D透氣舒柔乳膠枕/i/1948338?Store=5&Cate=50700,50700,https://www.etmall.com.tw/枕頭-寢具/c2/50700
1729728,FUJI-GRACE 蝶型磁石記憶棉透氣枕-大尺寸,645,寢具,枕頭,https://www.etmall.com.tw/FUJI-GRACE-蝶型磁石記憶棉透氣枕-大尺寸/i/1729728?Store=5&Cate=50700,50700,https://www.etmall.com.tw/枕頭-寢具/c2/50700
2201073,DR.Luo零重力舒壓枕【送薰衣草香氛水竹1入】,2451,寢具,枕頭,https://www.etmall.com.tw/DR-Luo零重力舒壓枕-送薰衣草香氛水竹1入/i/2201073?Store=5&Cate=50700,50700,https://www.etmall.com.tw/枕頭-寢具/c2/50700
2180912,[AndyBedding]MIT五星級人工水鳥羽毛枕(2入),353,寢具,枕頭,https://www.etmall.com.tw/AndyBedding-MIT五星級人工水鳥羽毛枕-2入/i/2180912?Store=5&Cate=50700,50700,https://www.etmall.com.tw/枕頭-寢具/c2/50700
2141013,HILTON 希爾頓  純棉獨立筒枕 VIP貴賓 立體銀離子抑菌 2入組,990,寢具,枕頭,https://www.etmall.com.tw/HILTON-希爾頓-純棉獨立筒枕-VIP貴賓-立體銀離子抑菌-2入組/i/2141013?Store=5&Cate=50700,50700,https://www.etmall.com.tw/枕頭-寢具/c2/50700
2083831,米夢家居-內凹保健深度睡眠止鼾-護耳灌模記憶中高枕(密度60) (1入),1074,寢具,枕頭,https://www.etmall.com.tw/米夢家居-內凹保健深度睡眠止鼾-護耳灌模記憶中高枕-密度60-1入/i/2083831?Store=5&Cate=50700,50700,https://www.etmall.com.tw/枕頭-寢具/c2/50700
1831292,日本3D超紓壓透氣磁石款碟型枕-小(顏色隨機) FJ-835,592,寢具,枕頭,https://www.etmall.com.tw/日本3D超紓壓透氣磁石款碟型枕-小-顏色隨機-FJ-835/i/1831292?Store=5&Cate=50700,50700,https://www.etmall.com.tw/枕頭-寢具/c2/50700
1751730,臺灣製造3M繽紛水洗抗菌枕(2入),585,寢具,枕頭,https://www.etmall.com.tw/臺灣製造3M繽紛水洗抗菌枕-2入/i/1751730?Store=5&Cate=50700,50700,https://www.etmall.com.tw/枕頭-寢具/c2/50700
1730312,台灣製造4D透氣水洗抗菌枕2入,673,寢具,枕頭,https://www.etmall.com.tw/台灣製造4D透氣水洗抗菌枕2入/i/1730312?Store=5&Cate=50700,50700,https://www.etmall.com.tw/枕頭-寢具/c2/50700
1722710,LooCa全新天然乳膠肩頸紓壓枕,1280,寢具,枕頭,https://www.etmall.com.tw/LooCa全新天然乳膠肩頸紓壓枕/i/1722710?Store=5&Cate=50700,50700,https://www.etmall.com.tw/枕頭-寢具/c2/50700
6209190,AGAPE亞加.貝 MIT台灣製3M防潑水專利防蹣抗菌枕頭套式保潔墊2入-紳士灰,344,寢具,枕頭,https://www.etmall.com.tw/AGAPE亞加-貝-MIT台灣製3M防潑水專利防蹣抗菌枕頭套式保潔墊2入-紳士灰/i/6209190?Store=5&Cate=50700,50700,https://www.etmall.com.tw/枕頭-寢具/c2/50700
2235132,NINO1881 夏日舒適透氣蠶絲枕2入,890,寢具,枕頭,https://www.etmall.com.tw/NINO1881-夏日舒適透氣蠶絲枕2入/i/2235132?Store=5&Cate=50700,50700,https://www.etmall.com.tw/枕頭-寢具/c2/50700
2242761,《Embrace英柏絲》柔軟體感 人體工學蝶形天絲記憶枕 慢回彈冷壓記憶棉 加強支撐度,1101,寢具,枕頭,https://www.etmall.com.tw/Embrace英柏絲-柔軟體感-人體工學蝶形天絲記憶枕-慢回彈冷壓記憶棉-加強支撐度/i/2242761?Store=5&Cate=50700,50700,https://www.etmall.com.tw/枕頭-寢具/c2/50700
2237328,《Dr.Air透氣專家》3D可水洗透氣 涼夏款 蝶型枕 台灣製(偏硬枕)MIT台灣製造(可以洗的枕頭),594,寢具,枕頭,https://www.etmall.com.tw/Dr-Air透氣專家-3D可水洗透氣-涼夏款-蝶型枕-台灣製-偏硬枕-MIT台灣製造-可以洗的枕頭/i/2237328?Store=5&Cate=50700,50700,https://www.etmall.com.tw/枕頭-寢具/c2/50700
2205368,《Embrace英柏絲》防蹣認證 日本大和JIS 抗菌枕頭(二入)特製棉 過敏體質推薦 ,852,寢具,枕頭,https://www.etmall.com.tw/Embrace英柏絲-防蹣認證-日本大和JIS-抗菌枕頭-二入-特製棉-過敏體質推薦/i/2205368?Store=5&Cate=50700,50700,https://www.etmall.com.tw/枕頭-寢具/c2/50700
2179875,澳洲Simple Living 標準型100%天然透氣乳膠枕-二入(40x57cm),1517,寢具,枕頭,https://www.etmall.com.tw/澳洲Simple-Living-標準型100-天然透氣乳膠枕-二入-40x57cm/i/2179875?Store=5&Cate=50700,50700,https://www.etmall.com.tw/枕頭-寢具/c2/50700
2179874,澳洲Simple Living 100%天然乳膠人體工學舒眠枕-一入(36x56cm),759,寢具,枕頭,https://www.etmall.com.tw/澳洲Simple-Living-100-天然乳膠人體工學舒眠枕-一入-36x56cm/i/2179874?Store=5&Cate=50700,50700,https://www.etmall.com.tw/枕頭-寢具/c2/50700
2179878,澳洲Simple Living 氣壓式微米顆粒透氣乳膠枕-一入(45x70cm),759,寢具,枕頭,https://www.etmall.com.tw/澳洲Simple-Living-氣壓式微米顆粒透氣乳膠枕-一入-45x70cm/i/2179878?Store=5&Cate=50700,50700,https://www.etmall.com.tw/枕頭-寢具/c2/50700
2118375,三合苑HOMESense-精梳純棉單色 超大 長抱枕_150x50cm 2.3kg 男友枕 超大抱枕 抬腿枕,624,寢具,枕頭,https://www.etmall.com.tw/三合苑HOMESense-精梳純棉單色-超大-長抱枕-150x50cm-2-3kg-男友枕-超大抱枕-抬腿枕/i/2118375?Store=5&Cate=50700,50700,https://www.etmall.com.tw/枕頭-寢具/c2/50700
2102285,LooCa 超透氣獨立筒枕2入+美國Microban抗菌保潔墊1入+防蹣枕套,1152,寢具,枕頭,https://www.etmall.com.tw/LooCa-超透氣獨立筒枕2入-美國Microban抗菌保潔墊1入-防蹣枕套/i/2102285?Store=5&Cate=50700,50700,https://www.etmall.com.tw/枕頭-寢具/c2/50700
2095209,PLAYBOY 吸濕排汗專利 純棉人體工學曲線乳膠枕,1101,寢具,枕頭,https://www.etmall.com.tw/PLAYBOY-吸濕排汗專利-純棉人體工學曲線乳膠枕/i/2095209?Store=5&Cate=50700,50700,https://www.etmall.com.tw/枕頭-寢具/c2/50700
2095215,Hilton 希爾頓 五星級純棉立體銀離子抑菌獨立筒枕,619,寢具,枕頭,https://www.etmall.com.tw/Hilton-希爾頓-五星級純棉立體銀離子抑菌獨立筒枕/i/2095215?Store=5&Cate=50700,50700,https://www.etmall.com.tw/枕頭-寢具/c2/50700
2080671,LooCa 全波形乳膠舒眠枕(2入)-1月活動,1082,寢具,枕頭,https://www.etmall.com.tw/LooCa-全波形乳膠舒眠枕-2入-1月活動/i/2080671?Store=5&Cate=50700,50700,https://www.etmall.com.tw/枕頭-寢具/c2/50700
2077640,Dr.Air透氣專家 3D天絲冬夏兩用 頸椎支撐枕 動態釋壓舒眠枕 X型軟棉 柔軟兼具彈性(偏高枕),594,寢具,枕頭,https://www.etmall.com.tw/Dr-Air透氣專家-3D天絲冬夏兩用-頸椎支撐枕-動態釋壓舒眠枕-X型軟棉-柔軟兼具彈性-偏高枕/i/2077640?Store=5&Cate=50700,50700,https://www.etmall.com.tw/枕頭-寢具/c2/50700
2047162,金健康3D伸展減壓舒頸枕旗艦版,2180,寢具,枕頭,https://www.etmall.com.tw/金健康3D伸展減壓舒頸枕旗艦版/i/2047162?Store=5&Cate=50700,50700,https://www.etmall.com.tw/枕頭-寢具/c2/50700
2047161,金健康3D伸展減壓舒頸寄異枕旗艦版2入,3880,寢具,枕頭,https://www.etmall.com.tw/金健康3D伸展減壓舒頸寄異枕旗艦版2入/i/2047161?Store=5&Cate=50700,50700,https://www.etmall.com.tw/枕頭-寢具/c2/50700
2031875,日本大京電販  4D防螨涼感枕超值2入組 ,1512,寢具,枕頭,https://www.etmall.com.tw/日本大京電販-4D防螨涼感枕超值2入組/i/2031875?Store=5&Cate=50700,50700,https://www.etmall.com.tw/枕頭-寢具/c2/50700
2017714,LooCa 可水洗高彈力空氣枕2顆-60x35x8/12公分,1680,寢具,枕頭,https://www.etmall.com.tw/LooCa-可水洗高彈力空氣枕2顆-60x35x8-12公分/i/2017714?Store=5&Cate=50700,50700,https://www.etmall.com.tw/枕頭-寢具/c2/50700
1975593,【BUHO布歐】薰衣草記憶坐靠墊[坐墊+腰靠墊(附鬆緊帶)],688,寢具,枕頭,https://www.etmall.com.tw/BUHO布歐-薰衣草記憶坐靠墊-坐墊-腰靠墊-附鬆緊帶/i/1975593?Store=5&Cate=50700,50700,https://www.etmall.com.tw/枕頭-寢具/c2/50700
1875467,【Novaya】《微笑寶貝》天然乳膠中童枕(9款),508,寢具,枕頭,https://www.etmall.com.tw/Novaya-微笑寶貝-天然乳膠中童枕-9款/i/1875467?Store=5&Cate=50700,50700,https://www.etmall.com.tw/枕頭-寢具/c2/50700
1847460,【CHI MEI】高密度竹備長炭記憶枕(2入),1617,寢具,枕頭,https://www.etmall.com.tw/CHI-MEI-高密度竹備長炭記憶枕-2入/i/1847460?Store=5&Cate=50700,50700,https://www.etmall.com.tw/枕頭-寢具/c2/50700
1825009,海夫 日華 輪椅用頭枕 台灣製,1875,寢具,枕頭,https://www.etmall.com.tw/海夫-日華-輪椅用頭枕-台灣製/i/1825009?Store=5&Cate=50700,50700,https://www.etmall.com.tw/枕頭-寢具/c2/50700
1812044,Incare 日本4D技術舒壓透氣防鼾蝶型枕(60.5*32cm加大新版),1024,寢具,枕頭,https://www.etmall.com.tw/Incare-日本4D技術舒壓透氣防鼾蝶型枕-60-5-32cm加大新版/i/1812044?Store=5&Cate=50700,50700,https://www.etmall.com.tw/枕頭-寢具/c2/50700
1774429,法式寢飾花季 優雅生活-五星飯店專用款羽絨枕頭(20%羽絨)買一送一組,1438,寢具,枕頭,https://www.etmall.com.tw/法式寢飾花季-優雅生活-五星飯店專用款羽絨枕頭-20-羽絨-買一送一組/i/1774429?Store=5&Cate=50700,50700,https://www.etmall.com.tw/枕頭-寢具/c2/50700
1740984,LooCa 全智能三段式乳膠負離子獨立筒枕(1入)-1月活動,809,寢具,枕頭,https://www.etmall.com.tw/LooCa-全智能三段式乳膠負離子獨立筒枕-1入-1月活動/i/1740984?Store=5&Cate=50700,50700,https://www.etmall.com.tw/枕頭-寢具/c2/50700
6219557, 【BUTTERFLY】綠豆殼透氣健康枕  一入 ,594,寢具,枕頭,https://www.etmall.com.tw/BUTTERFLY-綠豆殼透氣健康枕-一入/i/6219557?Store=5&Cate=50700,50700,https://www.etmall.com.tw/枕頭-寢具/c2/50700
2049239,AGAPE亞加‧貝 3M防潑水專利防蹣抗菌床包式保潔墊(單人/雙人/加大),399,寢具,熱銷TOP30,https://www.etmall.com.tw/AGAPE亞加-貝-3M防潑水專利防蹣抗菌床包式保潔墊-單人-雙人-加大/i/2049239?Store=5&Cate=137416,137416,https://www.etmall.com.tw/熱銷TOP30-寢具/c3/137416
2153187,韓國人氣推薦 神魂麻藥枕頭(2入組),611,寢具,熱銷TOP30,https://www.etmall.com.tw/韓國人氣推薦-神魂麻藥枕頭-2入組/i/2153187?Store=5&Cate=137416,137416,https://www.etmall.com.tw/熱銷TOP30-寢具/c3/137416
2088135,DUYAN竹漾- 3M高效防潑水透氣雙人床包式保潔墊- 多款任選,386,寢具,熱銷TOP30,https://www.etmall.com.tw/DUYAN竹漾-3M高效防潑水透氣雙人床包式保潔墊-多款任選/i/2088135?Store=5&Cate=137416,137416,https://www.etmall.com.tw/熱銷TOP30-寢具/c3/137416
2139562,台灣飛狼Jack Wolfskin  蠶絲銀離子抗菌被 吸濕排濕 防蟎抗菌 蓄熱升溫 冬被,1445,寢具,熱銷TOP30,https://www.etmall.com.tw/台灣飛狼Jack-Wolfskin-蠶絲銀離子抗菌被-吸濕排濕-防蟎抗菌-蓄熱升溫-冬被/i/2139562?Store=5&Cate=137416,137416,https://www.etmall.com.tw/熱銷TOP30-寢具/c3/137416
1881666,精靈工廠 1.6KG發熱羊毛被 奈米銀離子 抑菌除臭 吸濕排汗,565,寢具,熱銷TOP30,https://www.etmall.com.tw/精靈工廠-1-6KG發熱羊毛被-奈米銀離子-抑菌除臭-吸濕排汗/i/1881666?Store=5&Cate=137416,137416,https://www.etmall.com.tw/熱銷TOP30-寢具/c3/137416
2132187,FOCA 匈牙利100%天然水鳥羽毛絨暖冬被-MIT製造,960,寢具,熱銷TOP30,https://www.etmall.com.tw/FOCA-匈牙利100-天然水鳥羽毛絨暖冬被-MIT製造/i/2132187?Store=5&Cate=137416,137416,https://www.etmall.com.tw/熱銷TOP30-寢具/c3/137416
2522191,LooCa頂規純蠶絲舒眠手工冬被,4880,寢具,熱銷TOP30,https://www.etmall.com.tw/LooCa頂規純蠶絲舒眠手工冬被/i/2522191?Store=5&Cate=137416,137416,https://www.etmall.com.tw/熱銷TOP30-寢具/c3/137416
2537008,SOUL Bedding 天絲釋壓記憶枕(任選款式)-單顆,960,寢具,熱銷TOP30,https://www.etmall.com.tw/SOUL-Bedding-天絲釋壓記憶枕-任選款式-單顆/i/2537008?Store=5&Cate=137416,137416,https://www.etmall.com.tw/熱銷TOP30-寢具/c3/137416
2537007,SOUL Bedding 天絲釋壓記憶枕(任選款式)-兩入組,1536,寢具,熱銷TOP30,https://www.etmall.com.tw/SOUL-Bedding-天絲釋壓記憶枕-任選款式-兩入組/i/2537007?Store=5&Cate=137416,137416,https://www.etmall.com.tw/熱銷TOP30-寢具/c3/137416
2520776,LooCa天絲400織紗輕柔寢具組-雙,2880,寢具,熱銷TOP30,https://www.etmall.com.tw/LooCa天絲400織紗輕柔寢具組-雙/i/2520776?Store=5&Cate=137416,137416,https://www.etmall.com.tw/熱銷TOP30-寢具/c3/137416
2503635,NINO1881可水洗遠紅外線雙面魔力毯,2280,寢具,熱銷TOP30,https://www.etmall.com.tw/NINO1881可水洗遠紅外線雙面魔力毯/i/2503635?Store=5&Cate=137416,137416,https://www.etmall.com.tw/熱銷TOP30-寢具/c3/137416
2513142,LooCa石墨稀超科技獨立筒枕,2580,寢具,熱銷TOP30,https://www.etmall.com.tw/LooCa石墨稀超科技獨立筒枕/i/2513142?Store=5&Cate=137416,137416,https://www.etmall.com.tw/熱銷TOP30-寢具/c3/137416
2403195,全球熱銷舒眠雙面重力被,4880,寢具,熱銷TOP30,https://www.etmall.com.tw/全球熱銷舒眠雙面重力被/i/2403195?Store=5&Cate=137416,137416,https://www.etmall.com.tw/熱銷TOP30-寢具/c3/137416
2522143,NATRUALLY JOJO肩頸鬆瑜珈康健枕,1880,寢具,熱銷TOP30,https://www.etmall.com.tw/NATRUALLY-JOJO肩頸鬆瑜珈康健枕/i/2522143?Store=5&Cate=137416,137416,https://www.etmall.com.tw/熱銷TOP30-寢具/c3/137416
2509090,LooCa靜鄉思語天絲寢具超值組-雙,3880,寢具,熱銷TOP30,https://www.etmall.com.tw/LooCa靜鄉思語天絲寢具超值組-雙/i/2509090?Store=5&Cate=137416,137416,https://www.etmall.com.tw/熱銷TOP30-寢具/c3/137416
2509091,LooCa靜鄉思語天絲寢具超值組-大,4180,寢具,熱銷TOP30,https://www.etmall.com.tw/LooCa靜鄉思語天絲寢具超值組-大/i/2509091?Store=5&Cate=137416,137416,https://www.etmall.com.tw/熱銷TOP30-寢具/c3/137416
2522348,SOUL Bedding 天絲釋壓護頸記憶枕-單顆,1273,寢具,熱銷TOP30,https://www.etmall.com.tw/SOUL-Bedding-天絲釋壓護頸記憶枕-單顆/i/2522348?Store=5&Cate=137416,137416,https://www.etmall.com.tw/熱銷TOP30-寢具/c3/137416
2522346,SOUL Bedding 天絲釋壓人體工學枕-單顆,1273,寢具,熱銷TOP30,https://www.etmall.com.tw/SOUL-Bedding-天絲釋壓人體工學枕-單顆/i/2522346?Store=5&Cate=137416,137416,https://www.etmall.com.tw/熱銷TOP30-寢具/c3/137416
2522347,SOUL Bedding 天絲釋壓護頸記憶枕-兩入組,2288,寢具,熱銷TOP30,https://www.etmall.com.tw/SOUL-Bedding-天絲釋壓護頸記憶枕-兩入組/i/2522347?Store=5&Cate=137416,137416,https://www.etmall.com.tw/熱銷TOP30-寢具/c3/137416
2522345,SOUL Bedding 天絲釋壓人體工學枕-兩入組,2288,寢具,熱銷TOP30,https://www.etmall.com.tw/SOUL-Bedding-天絲釋壓人體工學枕-兩入組/i/2522345?Store=5&Cate=137416,137416,https://www.etmall.com.tw/熱銷TOP30-寢具/c3/137416
2505736,NINO1881特級緹花100%純蠶絲被,3880,寢具,熱銷TOP30,https://www.etmall.com.tw/NINO1881特級緹花100-純蠶絲被/i/2505736?Store=5&Cate=137416,137416,https://www.etmall.com.tw/熱銷TOP30-寢具/c3/137416
2492276,LooCa親水記憶棉枕下殺組-勁,790,寢具,熱銷TOP30,https://www.etmall.com.tw/LooCa親水記憶棉枕下殺組-勁/i/2492276?Store=5&Cate=137416,137416,https://www.etmall.com.tw/熱銷TOP30-寢具/c3/137416
2516813,棉睡三店 台灣製 法蘭絨雙面厚暖被2入 (150x200cm),990,寢具,熱銷TOP30,https://www.etmall.com.tw/棉睡三店-台灣製-法蘭絨雙面厚暖被2入-150x200cm/i/2516813?Store=5&Cate=137416,137416,https://www.etmall.com.tw/熱銷TOP30-寢具/c3/137416
2516439,LEEDAR 麗的    頂級精梳棉兩用被床包組單人/雙人/加大(多款任選),990,寢具,熱銷TOP30,https://www.etmall.com.tw/LEEDAR-麗的-頂級精梳棉兩用被床包組單人-雙人-加大-多款任選/i/2516439?Store=5&Cate=137416,137416,https://www.etmall.com.tw/熱銷TOP30-寢具/c3/137416
2515755,NINO1881澳洲美麗諾羊毛石墨烯蓄熱被(2.4kg)-雙人6*7尺,1445,寢具,熱銷TOP30,https://www.etmall.com.tw/NINO1881澳洲美麗諾羊毛石墨烯蓄熱被-2-4kg-雙人6-7尺/i/2515755?Store=5&Cate=137416,137416,https://www.etmall.com.tw/熱銷TOP30-寢具/c3/137416
2495721,日本內外織物醫極棒可調機能枕-雙入,2870,寢具,熱銷TOP30,https://www.etmall.com.tw/日本內外織物醫極棒可調機能枕-雙入/i/2495721?Store=5&Cate=137416,137416,https://www.etmall.com.tw/熱銷TOP30-寢具/c3/137416
2505963,LEEDAR 麗的  法爵   頂級特大型乳膠枕買一送一四款任選,890,寢具,熱銷TOP30,https://www.etmall.com.tw/LEEDAR-麗的-法爵-頂級特大型乳膠枕買一送一四款任選/i/2505963?Store=5&Cate=137416,137416,https://www.etmall.com.tw/熱銷TOP30-寢具/c3/137416
2505298,KOSNEY   福氣  頂級石墨烯吸溼排汗續熱速暖機能發熱被單人/雙人任選台灣製造,990,寢具,熱銷TOP30,https://www.etmall.com.tw/KOSNEY-福氣-頂級石墨烯吸溼排汗續熱速暖機能發熱被單人-雙人任選台灣製造/i/2505298?Store=5&Cate=137416,137416,https://www.etmall.com.tw/熱銷TOP30-寢具/c3/137416
2491338,LooCa台灣製造石墨烯恆溫暖冬被,1880,寢具,熱銷TOP30,https://www.etmall.com.tw/LooCa台灣製造石墨烯恆溫暖冬被/i/2491338?Store=5&Cate=137416,137416,https://www.etmall.com.tw/熱銷TOP30-寢具/c3/137416
2497863,J-bedtime 高質感天絲TENCELR六件式舖棉床罩組-雙人/加大(多款任選),1980,寢具,熱銷TOP30,https://www.etmall.com.tw/J-bedtime-高質感天絲TENCELR六件式舖棉床罩組-雙人-加大-多款任選/i/2497863?Store=5&Cate=137416,137416,https://www.etmall.com.tw/熱銷TOP30-寢具/c3/137416
2495567,捕夢網-Royal Latex 泰國皇家乳膠枕,790,寢具,熱銷TOP30,https://www.etmall.com.tw/捕夢網-Royal-Latex-泰國皇家乳膠枕/i/2495567?Store=5&Cate=137416,137416,https://www.etmall.com.tw/熱銷TOP30-寢具/c3/137416
2492397,KOSNEY 白色 五星級飯店使用頂級雙人防絨100%天然水鳥羽毛絨被-6*7尺,951,寢具,熱銷TOP30,https://www.etmall.com.tw/KOSNEY-白色-五星級飯店使用頂級雙人防絨100-天然水鳥羽毛絨被-6-7尺/i/2492397?Store=5&Cate=137416,137416,https://www.etmall.com.tw/熱銷TOP30-寢具/c3/137416
2489937,夢之語 重磅加厚 羽絲絨被 (多款任選) 雙人180X210cm-1入 多用機能被/可鋪可蓋,852,寢具,熱銷TOP30,https://www.etmall.com.tw/夢之語-重磅加厚-羽絲絨被-多款任選-雙人180X210cm-1入-多用機能被-可鋪可蓋/i/2489937?Store=5&Cate=137416,137416,https://www.etmall.com.tw/熱銷TOP30-寢具/c3/137416
2489946,夢之語 3M頂級天絲兩用被床包四件組 (雙人) 多款任選,1703,寢具,熱銷TOP30,https://www.etmall.com.tw/夢之語-3M頂級天絲兩用被床包四件組-雙人-多款任選/i/2489946?Store=5&Cate=137416,137416,https://www.etmall.com.tw/熱銷TOP30-寢具/c3/137416
2487838,夢之語  防靜電雙面加厚 法蘭絨x羊羔絨暖暖被 (多款任選) 150X200cm-1入,499,寢具,熱銷TOP30,https://www.etmall.com.tw/夢之語-防靜電雙面加厚-法蘭絨x羊羔絨暖暖被-多款任選-150X200cm-1入/i/2487838?Store=5&Cate=137416,137416,https://www.etmall.com.tw/熱銷TOP30-寢具/c3/137416
2485548,夢之語 防靜電法蘭絨兩用(毯)被床包 雙人 多款任選,1196,寢具,熱銷TOP30,https://www.etmall.com.tw/夢之語-防靜電法蘭絨兩用-毯-被床包-雙人-多款任選/i/2485548?Store=5&Cate=137416,137416,https://www.etmall.com.tw/熱銷TOP30-寢具/c3/137416
2480972,NINO1881璀璨紫石墨烯蓄熱蠶絲被,3337,寢具,熱銷TOP30,https://www.etmall.com.tw/NINO1881璀璨紫石墨烯蓄熱蠶絲被/i/2480972?Store=5&Cate=137416,137416,https://www.etmall.com.tw/熱銷TOP30-寢具/c3/137416
2475759,LooCa石墨烯台灣工研所認證發熱被(1入)-1月活動,1399,寢具,熱銷TOP30,https://www.etmall.com.tw/LooCa石墨烯台灣工研所認證發熱被-1入-1月活動/i/2475759?Store=5&Cate=137416,137416,https://www.etmall.com.tw/熱銷TOP30-寢具/c3/137416
2469879,KOSNEY   100%天然手工蠶絲被 雙人6*7尺 ,1901,寢具,熱銷TOP30,https://www.etmall.com.tw/KOSNEY-100-天然手工蠶絲被-雙人6-7尺/i/2469879?Store=5&Cate=137416,137416,https://www.etmall.com.tw/熱銷TOP30-寢具/c3/137416
2469821,棉睡三店  保暖法蘭絨床包兩用毯被組(單人/雙人/加大),890,寢具,熱銷TOP30,https://www.etmall.com.tw/棉睡三店-保暖法蘭絨床包兩用毯被組-單人-雙人-加大/i/2469821?Store=5&Cate=137416,137416,https://www.etmall.com.tw/熱銷TOP30-寢具/c3/137416
2179857,澳洲Simple Living  七星級防霉抗菌高彈力釋壓枕-二入(台灣製),1207,寢具,枕頭,https://www.etmall.com.tw/澳洲Simple-Living-七星級防霉抗菌高彈力釋壓枕-二入-台灣製/i/2179857?Store=5&Cate=50700,50700,https://www.etmall.com.tw/枕頭-寢具/c2/50700
2217861,NINO1881 天絲釋壓竹炭記憶枕2入,1480,寢具,枕頭,https://www.etmall.com.tw/NINO1881-天絲釋壓竹炭記憶枕2入/i/2217861?Store=5&Cate=50700,50700,https://www.etmall.com.tw/枕頭-寢具/c2/50700
6087771,MIT科技羽絲絨枕2入,404,寢具,枕頭,https://www.etmall.com.tw/MIT科技羽絲絨枕2入/i/6087771?Store=5&Cate=50700,50700,https://www.etmall.com.tw/枕頭-寢具/c2/50700
2179868,澳洲Simple Living 抑菌活性碳慢回彈零壓工學記憶枕-一入(台灣製),759,寢具,枕頭,https://www.etmall.com.tw/澳洲Simple-Living-抑菌活性碳慢回彈零壓工學記憶枕-一入-台灣製/i/2179868?Store=5&Cate=50700,50700,https://www.etmall.com.tw/枕頭-寢具/c2/50700
1948338,Hilton 希爾頓 6D透氣舒柔乳膠枕,599,寢具,枕頭,https://www.etmall.com.tw/Hilton-希爾頓-6D透氣舒柔乳膠枕/i/1948338?Store=5&Cate=50700,50700,https://www.etmall.com.tw/枕頭-寢具/c2/50700
1729728,FUJI-GRACE 蝶型磁石記憶棉透氣枕-大尺寸,645,寢具,枕頭,https://www.etmall.com.tw/FUJI-GRACE-蝶型磁石記憶棉透氣枕-大尺寸/i/1729728?Store=5&Cate=50700,50700,https://www.etmall.com.tw/枕頭-寢具/c2/50700
2201073,DR.Luo零重力舒壓枕【送薰衣草香氛水竹1入】,2451,寢具,枕頭,https://www.etmall.com.tw/DR-Luo零重力舒壓枕-送薰衣草香氛水竹1入/i/2201073?Store=5&Cate=50700,50700,https://www.etmall.com.tw/枕頭-寢具/c2/50700
2180912,[AndyBedding]MIT五星級人工水鳥羽毛枕(2入),353,寢具,枕頭,https://www.etmall.com.tw/AndyBedding-MIT五星級人工水鳥羽毛枕-2入/i/2180912?Store=5&Cate=50700,50700,https://www.etmall.com.tw/枕頭-寢具/c2/50700
2141013,HILTON 希爾頓  純棉獨立筒枕 VIP貴賓 立體銀離子抑菌 2入組,990,寢具,枕頭,https://www.etmall.com.tw/HILTON-希爾頓-純棉獨立筒枕-VIP貴賓-立體銀離子抑菌-2入組/i/2141013?Store=5&Cate=50700,50700,https://www.etmall.com.tw/枕頭-寢具/c2/50700
2083831,米夢家居-內凹保健深度睡眠止鼾-護耳灌模記憶中高枕(密度60) (1入),1074,寢具,枕頭,https://www.etmall.com.tw/米夢家居-內凹保健深度睡眠止鼾-護耳灌模記憶中高枕-密度60-1入/i/2083831?Store=5&Cate=50700,50700,https://www.etmall.com.tw/枕頭-寢具/c2/50700
1831292,日本3D超紓壓透氣磁石款碟型枕-小(顏色隨機) FJ-835,592,寢具,枕頭,https://www.etmall.com.tw/日本3D超紓壓透氣磁石款碟型枕-小-顏色隨機-FJ-835/i/1831292?Store=5&Cate=50700,50700,https://www.etmall.com.tw/枕頭-寢具/c2/50700
1751730,臺灣製造3M繽紛水洗抗菌枕(2入),585,寢具,枕頭,https://www.etmall.com.tw/臺灣製造3M繽紛水洗抗菌枕-2入/i/1751730?Store=5&Cate=50700,50700,https://www.etmall.com.tw/枕頭-寢具/c2/50700
1730312,台灣製造4D透氣水洗抗菌枕2入,673,寢具,枕頭,https://www.etmall.com.tw/台灣製造4D透氣水洗抗菌枕2入/i/1730312?Store=5&Cate=50700,50700,https://www.etmall.com.tw/枕頭-寢具/c2/50700
1722710,LooCa全新天然乳膠肩頸紓壓枕,1280,寢具,枕頭,https://www.etmall.com.tw/LooCa全新天然乳膠肩頸紓壓枕/i/1722710?Store=5&Cate=50700,50700,https://www.etmall.com.tw/枕頭-寢具/c2/50700
6209190,AGAPE亞加.貝 MIT台灣製3M防潑水專利防蹣抗菌枕頭套式保潔墊2入-紳士灰,344,寢具,枕頭,https://www.etmall.com.tw/AGAPE亞加-貝-MIT台灣製3M防潑水專利防蹣抗菌枕頭套式保潔墊2入-紳士灰/i/6209190?Store=5&Cate=50700,50700,https://www.etmall.com.tw/枕頭-寢具/c2/50700
2235132,NINO1881 夏日舒適透氣蠶絲枕2入,890,寢具,枕頭,https://www.etmall.com.tw/NINO1881-夏日舒適透氣蠶絲枕2入/i/2235132?Store=5&Cate=50700,50700,https://www.etmall.com.tw/枕頭-寢具/c2/50700
2242761,《Embrace英柏絲》柔軟體感 人體工學蝶形天絲記憶枕 慢回彈冷壓記憶棉 加強支撐度,1101,寢具,枕頭,https://www.etmall.com.tw/Embrace英柏絲-柔軟體感-人體工學蝶形天絲記憶枕-慢回彈冷壓記憶棉-加強支撐度/i/2242761?Store=5&Cate=50700,50700,https://www.etmall.com.tw/枕頭-寢具/c2/50700
2237328,《Dr.Air透氣專家》3D可水洗透氣 涼夏款 蝶型枕 台灣製(偏硬枕)MIT台灣製造(可以洗的枕頭),594,寢具,枕頭,https://www.etmall.com.tw/Dr-Air透氣專家-3D可水洗透氣-涼夏款-蝶型枕-台灣製-偏硬枕-MIT台灣製造-可以洗的枕頭/i/2237328?Store=5&Cate=50700,50700,https://www.etmall.com.tw/枕頭-寢具/c2/50700
2205368,《Embrace英柏絲》防蹣認證 日本大和JIS 抗菌枕頭(二入)特製棉 過敏體質推薦 ,852,寢具,枕頭,https://www.etmall.com.tw/Embrace英柏絲-防蹣認證-日本大和JIS-抗菌枕頭-二入-特製棉-過敏體質推薦/i/2205368?Store=5&Cate=50700,50700,https://www.etmall.com.tw/枕頭-寢具/c2/50700
2179875,澳洲Simple Living 標準型100%天然透氣乳膠枕-二入(40x57cm),1517,寢具,枕頭,https://www.etmall.com.tw/澳洲Simple-Living-標準型100-天然透氣乳膠枕-二入-40x57cm/i/2179875?Store=5&Cate=50700,50700,https://www.etmall.com.tw/枕頭-寢具/c2/50700
2179874,澳洲Simple Living 100%天然乳膠人體工學舒眠枕-一入(36x56cm),759,寢具,枕頭,https://www.etmall.com.tw/澳洲Simple-Living-100-天然乳膠人體工學舒眠枕-一入-36x56cm/i/2179874?Store=5&Cate=50700,50700,https://www.etmall.com.tw/枕頭-寢具/c2/50700
2179878,澳洲Simple Living 氣壓式微米顆粒透氣乳膠枕-一入(45x70cm),759,寢具,枕頭,https://www.etmall.com.tw/澳洲Simple-Living-氣壓式微米顆粒透氣乳膠枕-一入-45x70cm/i/2179878?Store=5&Cate=50700,50700,https://www.etmall.com.tw/枕頭-寢具/c2/50700
2118375,三合苑HOMESense-精梳純棉單色 超大 長抱枕_150x50cm 2.3kg 男友枕 超大抱枕 抬腿枕,624,寢具,枕頭,https://www.etmall.com.tw/三合苑HOMESense-精梳純棉單色-超大-長抱枕-150x50cm-2-3kg-男友枕-超大抱枕-抬腿枕/i/2118375?Store=5&Cate=50700,50700,https://www.etmall.com.tw/枕頭-寢具/c2/50700
2102285,LooCa 超透氣獨立筒枕2入+美國Microban抗菌保潔墊1入+防蹣枕套,1152,寢具,枕頭,https://www.etmall.com.tw/LooCa-超透氣獨立筒枕2入-美國Microban抗菌保潔墊1入-防蹣枕套/i/2102285?Store=5&Cate=50700,50700,https://www.etmall.com.tw/枕頭-寢具/c2/50700
2095209,PLAYBOY 吸濕排汗專利 純棉人體工學曲線乳膠枕,1101,寢具,枕頭,https://www.etmall.com.tw/PLAYBOY-吸濕排汗專利-純棉人體工學曲線乳膠枕/i/2095209?Store=5&Cate=50700,50700,https://www.etmall.com.tw/枕頭-寢具/c2/50700
2095215,Hilton 希爾頓 五星級純棉立體銀離子抑菌獨立筒枕,619,寢具,枕頭,https://www.etmall.com.tw/Hilton-希爾頓-五星級純棉立體銀離子抑菌獨立筒枕/i/2095215?Store=5&Cate=50700,50700,https://www.etmall.com.tw/枕頭-寢具/c2/50700
2080671,LooCa 全波形乳膠舒眠枕(2入)-1月活動,1082,寢具,枕頭,https://www.etmall.com.tw/LooCa-全波形乳膠舒眠枕-2入-1月活動/i/2080671?Store=5&Cate=50700,50700,https://www.etmall.com.tw/枕頭-寢具/c2/50700
2077640,Dr.Air透氣專家 3D天絲冬夏兩用 頸椎支撐枕 動態釋壓舒眠枕 X型軟棉 柔軟兼具彈性(偏高枕),594,寢具,枕頭,https://www.etmall.com.tw/Dr-Air透氣專家-3D天絲冬夏兩用-頸椎支撐枕-動態釋壓舒眠枕-X型軟棉-柔軟兼具彈性-偏高枕/i/2077640?Store=5&Cate=50700,50700,https://www.etmall.com.tw/枕頭-寢具/c2/50700
2047162,金健康3D伸展減壓舒頸枕旗艦版,2180,寢具,枕頭,https://www.etmall.com.tw/金健康3D伸展減壓舒頸枕旗艦版/i/2047162?Store=5&Cate=50700,50700,https://www.etmall.com.tw/枕頭-寢具/c2/50700
2047161,金健康3D伸展減壓舒頸寄異枕旗艦版2入,3880,寢具,枕頭,https://www.etmall.com.tw/金健康3D伸展減壓舒頸寄異枕旗艦版2入/i/2047161?Store=5&Cate=50700,50700,https://www.etmall.com.tw/枕頭-寢具/c2/50700
2031875,日本大京電販  4D防螨涼感枕超值2入組 ,1512,寢具,枕頭,https://www.etmall.com.tw/日本大京電販-4D防螨涼感枕超值2入組/i/2031875?Store=5&Cate=50700,50700,https://www.etmall.com.tw/枕頭-寢具/c2/50700
2017714,LooCa 可水洗高彈力空氣枕2顆-60x35x8/12公分,1680,寢具,枕頭,https://www.etmall.com.tw/LooCa-可水洗高彈力空氣枕2顆-60x35x8-12公分/i/2017714?Store=5&Cate=50700,50700,https://www.etmall.com.tw/枕頭-寢具/c2/50700
1975593,【BUHO布歐】薰衣草記憶坐靠墊[坐墊+腰靠墊(附鬆緊帶)],688,寢具,枕頭,https://www.etmall.com.tw/BUHO布歐-薰衣草記憶坐靠墊-坐墊-腰靠墊-附鬆緊帶/i/1975593?Store=5&Cate=50700,50700,https://www.etmall.com.tw/枕頭-寢具/c2/50700
1875467,【Novaya】《微笑寶貝》天然乳膠中童枕(9款),508,寢具,枕頭,https://www.etmall.com.tw/Novaya-微笑寶貝-天然乳膠中童枕-9款/i/1875467?Store=5&Cate=50700,50700,https://www.etmall.com.tw/枕頭-寢具/c2/50700
1847460,【CHI MEI】高密度竹備長炭記憶枕(2入),1617,寢具,枕頭,https://www.etmall.com.tw/CHI-MEI-高密度竹備長炭記憶枕-2入/i/1847460?Store=5&Cate=50700,50700,https://www.etmall.com.tw/枕頭-寢具/c2/50700
1825009,海夫 日華 輪椅用頭枕 台灣製,1875,寢具,枕頭,https://www.etmall.com.tw/海夫-日華-輪椅用頭枕-台灣製/i/1825009?Store=5&Cate=50700,50700,https://www.etmall.com.tw/枕頭-寢具/c2/50700
1812044,Incare 日本4D技術舒壓透氣防鼾蝶型枕(60.5*32cm加大新版),1024,寢具,枕頭,https://www.etmall.com.tw/Incare-日本4D技術舒壓透氣防鼾蝶型枕-60-5-32cm加大新版/i/1812044?Store=5&Cate=50700,50700,https://www.etmall.com.tw/枕頭-寢具/c2/50700
1774429,法式寢飾花季 優雅生活-五星飯店專用款羽絨枕頭(20%羽絨)買一送一組,1438,寢具,枕頭,https://www.etmall.com.tw/法式寢飾花季-優雅生活-五星飯店專用款羽絨枕頭-20-羽絨-買一送一組/i/1774429?Store=5&Cate=50700,50700,https://www.etmall.com.tw/枕頭-寢具/c2/50700
1740984,LooCa 全智能三段式乳膠負離子獨立筒枕(1入)-1月活動,809,寢具,枕頭,https://www.etmall.com.tw/LooCa-全智能三段式乳膠負離子獨立筒枕-1入-1月活動/i/1740984?Store=5&Cate=50700,50700,https://www.etmall.com.tw/枕頭-寢具/c2/50700
6219557, 【BUTTERFLY】綠豆殼透氣健康枕  一入 ,594,寢具,枕頭,https://www.etmall.com.tw/BUTTERFLY-綠豆殼透氣健康枕-一入/i/6219557?Store=5&Cate=50700,50700,https://www.etmall.com.tw/枕頭-寢具/c2/50700
2179857,澳洲Simple Living  七星級防霉抗菌高彈力釋壓枕-二入(台灣製),1207,寢具,枕頭,https://www.etmall.com.tw/澳洲Simple-Living-七星級防霉抗菌高彈力釋壓枕-二入-台灣製/i/2179857?Store=5&Cate=50700,50700,https://www.etmall.com.tw/枕頭-寢具/c2/50700
2217861,NINO1881 天絲釋壓竹炭記憶枕2入,1480,寢具,枕頭,https://www.etmall.com.tw/NINO1881-天絲釋壓竹炭記憶枕2入/i/2217861?Store=5&Cate=50700,50700,https://www.etmall.com.tw/枕頭-寢具/c2/50700
6087771,MIT科技羽絲絨枕2入,404,寢具,枕頭,https://www.etmall.com.tw/MIT科技羽絲絨枕2入/i/6087771?Store=5&Cate=50700,50700,https://www.etmall.com.tw/枕頭-寢具/c2/50700
2179868,澳洲Simple Living 抑菌活性碳慢回彈零壓工學記憶枕-一入(台灣製),759,寢具,枕頭,https://www.etmall.com.tw/澳洲Simple-Living-抑菌活性碳慢回彈零壓工學記憶枕-一入-台灣製/i/2179868?Store=5&Cate=50700,50700,https://www.etmall.com.tw/枕頭-寢具/c2/50700
1948338,Hilton 希爾頓 6D透氣舒柔乳膠枕,599,寢具,枕頭,https://www.etmall.com.tw/Hilton-希爾頓-6D透氣舒柔乳膠枕/i/1948338?Store=5&Cate=50700,50700,https://www.etmall.com.tw/枕頭-寢具/c2/50700
1729728,FUJI-GRACE 蝶型磁石記憶棉透氣枕-大尺寸,645,寢具,枕頭,https://www.etmall.com.tw/FUJI-GRACE-蝶型磁石記憶棉透氣枕-大尺寸/i/1729728?Store=5&Cate=50700,50700,https://www.etmall.com.tw/枕頭-寢具/c2/50700
2201073,DR.Luo零重力舒壓枕【送薰衣草香氛水竹1入】,2451,寢具,枕頭,https://www.etmall.com.tw/DR-Luo零重力舒壓枕-送薰衣草香氛水竹1入/i/2201073?Store=5&Cate=50700,50700,https://www.etmall.com.tw/枕頭-寢具/c2/50700
2180912,[AndyBedding]MIT五星級人工水鳥羽毛枕(2入),353,寢具,枕頭,https://www.etmall.com.tw/AndyBedding-MIT五星級人工水鳥羽毛枕-2入/i/2180912?Store=5&Cate=50700,50700,https://www.etmall.com.tw/枕頭-寢具/c2/50700
2141013,HILTON 希爾頓  純棉獨立筒枕 VIP貴賓 立體銀離子抑菌 2入組,990,寢具,枕頭,https://www.etmall.com.tw/HILTON-希爾頓-純棉獨立筒枕-VIP貴賓-立體銀離子抑菌-2入組/i/2141013?Store=5&Cate=50700,50700,https://www.etmall.com.tw/枕頭-寢具/c2/50700
2083831,米夢家居-內凹保健深度睡眠止鼾-護耳灌模記憶中高枕(密度60) (1入),1074,寢具,枕頭,https://www.etmall.com.tw/米夢家居-內凹保健深度睡眠止鼾-護耳灌模記憶中高枕-密度60-1入/i/2083831?Store=5&Cate=50700,50700,https://www.etmall.com.tw/枕頭-寢具/c2/50700
1831292,日本3D超紓壓透氣磁石款碟型枕-小(顏色隨機) FJ-835,592,寢具,枕頭,https://www.etmall.com.tw/日本3D超紓壓透氣磁石款碟型枕-小-顏色隨機-FJ-835/i/1831292?Store=5&Cate=50700,50700,https://www.etmall.com.tw/枕頭-寢具/c2/50700
1751730,臺灣製造3M繽紛水洗抗菌枕(2入),585,寢具,枕頭,https://www.etmall.com.tw/臺灣製造3M繽紛水洗抗菌枕-2入/i/1751730?Store=5&Cate=50700,50700,https://www.etmall.com.tw/枕頭-寢具/c2/50700
1730312,台灣製造4D透氣水洗抗菌枕2入,673,寢具,枕頭,https://www.etmall.com.tw/台灣製造4D透氣水洗抗菌枕2入/i/1730312?Store=5&Cate=50700,50700,https://www.etmall.com.tw/枕頭-寢具/c2/50700
1722710,LooCa全新天然乳膠肩頸紓壓枕,1280,寢具,枕頭,https://www.etmall.com.tw/LooCa全新天然乳膠肩頸紓壓枕/i/1722710?Store=5&Cate=50700,50700,https://www.etmall.com.tw/枕頭-寢具/c2/50700
6209190,AGAPE亞加.貝 MIT台灣製3M防潑水專利防蹣抗菌枕頭套式保潔墊2入-紳士灰,344,寢具,枕頭,https://www.etmall.com.tw/AGAPE亞加-貝-MIT台灣製3M防潑水專利防蹣抗菌枕頭套式保潔墊2入-紳士灰/i/6209190?Store=5&Cate=50700,50700,https://www.etmall.com.tw/枕頭-寢具/c2/50700
2235132,NINO1881 夏日舒適透氣蠶絲枕2入,890,寢具,枕頭,https://www.etmall.com.tw/NINO1881-夏日舒適透氣蠶絲枕2入/i/2235132?Store=5&Cate=50700,50700,https://www.etmall.com.tw/枕頭-寢具/c2/50700
2242761,《Embrace英柏絲》柔軟體感 人體工學蝶形天絲記憶枕 慢回彈冷壓記憶棉 加強支撐度,1101,寢具,枕頭,https://www.etmall.com.tw/Embrace英柏絲-柔軟體感-人體工學蝶形天絲記憶枕-慢回彈冷壓記憶棉-加強支撐度/i/2242761?Store=5&Cate=50700,50700,https://www.etmall.com.tw/枕頭-寢具/c2/50700
2237328,《Dr.Air透氣專家》3D可水洗透氣 涼夏款 蝶型枕 台灣製(偏硬枕)MIT台灣製造(可以洗的枕頭),594,寢具,枕頭,https://www.etmall.com.tw/Dr-Air透氣專家-3D可水洗透氣-涼夏款-蝶型枕-台灣製-偏硬枕-MIT台灣製造-可以洗的枕頭/i/2237328?Store=5&Cate=50700,50700,https://www.etmall.com.tw/枕頭-寢具/c2/50700
2205368,《Embrace英柏絲》防蹣認證 日本大和JIS 抗菌枕頭(二入)特製棉 過敏體質推薦 ,852,寢具,枕頭,https://www.etmall.com.tw/Embrace英柏絲-防蹣認證-日本大和JIS-抗菌枕頭-二入-特製棉-過敏體質推薦/i/2205368?Store=5&Cate=50700,50700,https://www.etmall.com.tw/枕頭-寢具/c2/50700
2179875,澳洲Simple Living 標準型100%天然透氣乳膠枕-二入(40x57cm),1517,寢具,枕頭,https://www.etmall.com.tw/澳洲Simple-Living-標準型100-天然透氣乳膠枕-二入-40x57cm/i/2179875?Store=5&Cate=50700,50700,https://www.etmall.com.tw/枕頭-寢具/c2/50700
2179874,澳洲Simple Living 100%天然乳膠人體工學舒眠枕-一入(36x56cm),759,寢具,枕頭,https://www.etmall.com.tw/澳洲Simple-Living-100-天然乳膠人體工學舒眠枕-一入-36x56cm/i/2179874?Store=5&Cate=50700,50700,https://www.etmall.com.tw/枕頭-寢具/c2/50700
2179878,澳洲Simple Living 氣壓式微米顆粒透氣乳膠枕-一入(45x70cm),759,寢具,枕頭,https://www.etmall.com.tw/澳洲Simple-Living-氣壓式微米顆粒透氣乳膠枕-一入-45x70cm/i/2179878?Store=5&Cate=50700,50700,https://www.etmall.com.tw/枕頭-寢具/c2/50700
2118375,三合苑HOMESense-精梳純棉單色 超大 長抱枕_150x50cm 2.3kg 男友枕 超大抱枕 抬腿枕,624,寢具,枕頭,https://www.etmall.com.tw/三合苑HOMESense-精梳純棉單色-超大-長抱枕-150x50cm-2-3kg-男友枕-超大抱枕-抬腿枕/i/2118375?Store=5&Cate=50700,50700,https://www.etmall.com.tw/枕頭-寢具/c2/50700
2102285,LooCa 超透氣獨立筒枕2入+美國Microban抗菌保潔墊1入+防蹣枕套,1152,寢具,枕頭,https://www.etmall.com.tw/LooCa-超透氣獨立筒枕2入-美國Microban抗菌保潔墊1入-防蹣枕套/i/2102285?Store=5&Cate=50700,50700,https://www.etmall.com.tw/枕頭-寢具/c2/50700
2095209,PLAYBOY 吸濕排汗專利 純棉人體工學曲線乳膠枕,1101,寢具,枕頭,https://www.etmall.com.tw/PLAYBOY-吸濕排汗專利-純棉人體工學曲線乳膠枕/i/2095209?Store=5&Cate=50700,50700,https://www.etmall.com.tw/枕頭-寢具/c2/50700
2095215,Hilton 希爾頓 五星級純棉立體銀離子抑菌獨立筒枕,619,寢具,枕頭,https://www.etmall.com.tw/Hilton-希爾頓-五星級純棉立體銀離子抑菌獨立筒枕/i/2095215?Store=5&Cate=50700,50700,https://www.etmall.com.tw/枕頭-寢具/c2/50700
2080671,LooCa 全波形乳膠舒眠枕(2入)-1月活動,1082,寢具,枕頭,https://www.etmall.com.tw/LooCa-全波形乳膠舒眠枕-2入-1月活動/i/2080671?Store=5&Cate=50700,50700,https://www.etmall.com.tw/枕頭-寢具/c2/50700
2077640,Dr.Air透氣專家 3D天絲冬夏兩用 頸椎支撐枕 動態釋壓舒眠枕 X型軟棉 柔軟兼具彈性(偏高枕),594,寢具,枕頭,https://www.etmall.com.tw/Dr-Air透氣專家-3D天絲冬夏兩用-頸椎支撐枕-動態釋壓舒眠枕-X型軟棉-柔軟兼具彈性-偏高枕/i/2077640?Store=5&Cate=50700,50700,https://www.etmall.com.tw/枕頭-寢具/c2/50700
2047162,金健康3D伸展減壓舒頸枕旗艦版,2180,寢具,枕頭,https://www.etmall.com.tw/金健康3D伸展減壓舒頸枕旗艦版/i/2047162?Store=5&Cate=50700,50700,https://www.etmall.com.tw/枕頭-寢具/c2/50700
2047161,金健康3D伸展減壓舒頸寄異枕旗艦版2入,3880,寢具,枕頭,https://www.etmall.com.tw/金健康3D伸展減壓舒頸寄異枕旗艦版2入/i/2047161?Store=5&Cate=50700,50700,https://www.etmall.com.tw/枕頭-寢具/c2/50700
2031875,日本大京電販  4D防螨涼感枕超值2入組 ,1512,寢具,枕頭,https://www.etmall.com.tw/日本大京電販-4D防螨涼感枕超值2入組/i/2031875?Store=5&Cate=50700,50700,https://www.etmall.com.tw/枕頭-寢具/c2/50700
2017714,LooCa 可水洗高彈力空氣枕2顆-60x35x8/12公分,1680,寢具,枕頭,https://www.etmall.com.tw/LooCa-可水洗高彈力空氣枕2顆-60x35x8-12公分/i/2017714?Store=5&Cate=50700,50700,https://www.etmall.com.tw/枕頭-寢具/c2/50700
1975593,【BUHO布歐】薰衣草記憶坐靠墊[坐墊+腰靠墊(附鬆緊帶)],688,寢具,枕頭,https://www.etmall.com.tw/BUHO布歐-薰衣草記憶坐靠墊-坐墊-腰靠墊-附鬆緊帶/i/1975593?Store=5&Cate=50700,50700,https://www.etmall.com.tw/枕頭-寢具/c2/50700
1875467,【Novaya】《微笑寶貝》天然乳膠中童枕(9款),508,寢具,枕頭,https://www.etmall.com.tw/Novaya-微笑寶貝-天然乳膠中童枕-9款/i/1875467?Store=5&Cate=50700,50700,https://www.etmall.com.tw/枕頭-寢具/c2/50700
1847460,【CHI MEI】高密度竹備長炭記憶枕(2入),1617,寢具,枕頭,https://www.etmall.com.tw/CHI-MEI-高密度竹備長炭記憶枕-2入/i/1847460?Store=5&Cate=50700,50700,https://www.etmall.com.tw/枕頭-寢具/c2/50700
1825009,海夫 日華 輪椅用頭枕 台灣製,1875,寢具,枕頭,https://www.etmall.com.tw/海夫-日華-輪椅用頭枕-台灣製/i/1825009?Store=5&Cate=50700,50700,https://www.etmall.com.tw/枕頭-寢具/c2/50700
1812044,Incare 日本4D技術舒壓透氣防鼾蝶型枕(60.5*32cm加大新版),1024,寢具,枕頭,https://www.etmall.com.tw/Incare-日本4D技術舒壓透氣防鼾蝶型枕-60-5-32cm加大新版/i/1812044?Store=5&Cate=50700,50700,https://www.etmall.com.tw/枕頭-寢具/c2/50700
1774429,法式寢飾花季 優雅生活-五星飯店專用款羽絨枕頭(20%羽絨)買一送一組,1438,寢具,枕頭,https://www.etmall.com.tw/法式寢飾花季-優雅生活-五星飯店專用款羽絨枕頭-20-羽絨-買一送一組/i/1774429?Store=5&Cate=50700,50700,https://www.etmall.com.tw/枕頭-寢具/c2/50700
1740984,LooCa 全智能三段式乳膠負離子獨立筒枕(1入)-1月活動,809,寢具,枕頭,https://www.etmall.com.tw/LooCa-全智能三段式乳膠負離子獨立筒枕-1入-1月活動/i/1740984?Store=5&Cate=50700,50700,https://www.etmall.com.tw/枕頭-寢具/c2/50700
6219557, 【BUTTERFLY】綠豆殼透氣健康枕  一入 ,594,寢具,枕頭,https://www.etmall.com.tw/BUTTERFLY-綠豆殼透氣健康枕-一入/i/6219557?Store=5&Cate=50700,50700,https://www.etmall.com.tw/枕頭-寢具/c2/50700
2179857,澳洲Simple Living  七星級防霉抗菌高彈力釋壓枕-二入(台灣製),1207,寢具,枕頭,https://www.etmall.com.tw/澳洲Simple-Living-七星級防霉抗菌高彈力釋壓枕-二入-台灣製/i/2179857?Store=5&Cate=50700,50700,https://www.etmall.com.tw/枕頭-寢具/c2/50700
2217861,NINO1881 天絲釋壓竹炭記憶枕2入,1480,寢具,枕頭,https://www.etmall.com.tw/NINO1881-天絲釋壓竹炭記憶枕2入/i/2217861?Store=5&Cate=50700,50700,https://www.etmall.com.tw/枕頭-寢具/c2/50700
6087771,MIT科技羽絲絨枕2入,404,寢具,枕頭,https://www.etmall.com.tw/MIT科技羽絲絨枕2入/i/6087771?Store=5&Cate=50700,50700,https://www.etmall.com.tw/枕頭-寢具/c2/50700
2179868,澳洲Simple Living 抑菌活性碳慢回彈零壓工學記憶枕-一入(台灣製),759,寢具,枕頭,https://www.etmall.com.tw/澳洲Simple-Living-抑菌活性碳慢回彈零壓工學記憶枕-一入-台灣製/i/2179868?Store=5&Cate=50700,50700,https://www.etmall.com.tw/枕頭-寢具/c2/50700
1948338,Hilton 希爾頓 6D透氣舒柔乳膠枕,599,寢具,枕頭,https://www.etmall.com.tw/Hilton-希爾頓-6D透氣舒柔乳膠枕/i/1948338?Store=5&Cate=50700,50700,https://www.etmall.com.tw/枕頭-寢具/c2/50700
1729728,FUJI-GRACE 蝶型磁石記憶棉透氣枕-大尺寸,645,寢具,枕頭,https://www.etmall.com.tw/FUJI-GRACE-蝶型磁石記憶棉透氣枕-大尺寸/i/1729728?Store=5&Cate=50700,50700,https://www.etmall.com.tw/枕頭-寢具/c2/50700
2201073,DR.Luo零重力舒壓枕【送薰衣草香氛水竹1入】,2451,寢具,枕頭,https://www.etmall.com.tw/DR-Luo零重力舒壓枕-送薰衣草香氛水竹1入/i/2201073?Store=5&Cate=50700,50700,https://www.etmall.com.tw/枕頭-寢具/c2/50700
2180912,[AndyBedding]MIT五星級人工水鳥羽毛枕(2入),353,寢具,枕頭,https://www.etmall.com.tw/AndyBedding-MIT五星級人工水鳥羽毛枕-2入/i/2180912?Store=5&Cate=50700,50700,https://www.etmall.com.tw/枕頭-寢具/c2/50700
2141013,HILTON 希爾頓  純棉獨立筒枕 VIP貴賓 立體銀離子抑菌 2入組,990,寢具,枕頭,https://www.etmall.com.tw/HILTON-希爾頓-純棉獨立筒枕-VIP貴賓-立體銀離子抑菌-2入組/i/2141013?Store=5&Cate=50700,50700,https://www.etmall.com.tw/枕頭-寢具/c2/50700
2083831,米夢家居-內凹保健深度睡眠止鼾-護耳灌模記憶中高枕(密度60) (1入),1074,寢具,枕頭,https://www.etmall.com.tw/米夢家居-內凹保健深度睡眠止鼾-護耳灌模記憶中高枕-密度60-1入/i/2083831?Store=5&Cate=50700,50700,https://www.etmall.com.tw/枕頭-寢具/c2/50700
1831292,日本3D超紓壓透氣磁石款碟型枕-小(顏色隨機) FJ-835,592,寢具,枕頭,https://www.etmall.com.tw/日本3D超紓壓透氣磁石款碟型枕-小-顏色隨機-FJ-835/i/1831292?Store=5&Cate=50700,50700,https://www.etmall.com.tw/枕頭-寢具/c2/50700
1751730,臺灣製造3M繽紛水洗抗菌枕(2入),585,寢具,枕頭,https://www.etmall.com.tw/臺灣製造3M繽紛水洗抗菌枕-2入/i/1751730?Store=5&Cate=50700,50700,https://www.etmall.com.tw/枕頭-寢具/c2/50700
1730312,台灣製造4D透氣水洗抗菌枕2入,673,寢具,枕頭,https://www.etmall.com.tw/台灣製造4D透氣水洗抗菌枕2入/i/1730312?Store=5&Cate=50700,50700,https://www.etmall.com.tw/枕頭-寢具/c2/50700
1722710,LooCa全新天然乳膠肩頸紓壓枕,1280,寢具,枕頭,https://www.etmall.com.tw/LooCa全新天然乳膠肩頸紓壓枕/i/1722710?Store=5&Cate=50700,50700,https://www.etmall.com.tw/枕頭-寢具/c2/50700
6209190,AGAPE亞加.貝 MIT台灣製3M防潑水專利防蹣抗菌枕頭套式保潔墊2入-紳士灰,344,寢具,枕頭,https://www.etmall.com.tw/AGAPE亞加-貝-MIT台灣製3M防潑水專利防蹣抗菌枕頭套式保潔墊2入-紳士灰/i/6209190?Store=5&Cate=50700,50700,https://www.etmall.com.tw/枕頭-寢具/c2/50700
2235132,NINO1881 夏日舒適透氣蠶絲枕2入,890,寢具,枕頭,https://www.etmall.com.tw/NINO1881-夏日舒適透氣蠶絲枕2入/i/2235132?Store=5&Cate=50700,50700,https://www.etmall.com.tw/枕頭-寢具/c2/50700
2242761,《Embrace英柏絲》柔軟體感 人體工學蝶形天絲記憶枕 慢回彈冷壓記憶棉 加強支撐度,1101,寢具,枕頭,https://www.etmall.com.tw/Embrace英柏絲-柔軟體感-人體工學蝶形天絲記憶枕-慢回彈冷壓記憶棉-加強支撐度/i/2242761?Store=5&Cate=50700,50700,https://www.etmall.com.tw/枕頭-寢具/c2/50700
2237328,《Dr.Air透氣專家》3D可水洗透氣 涼夏款 蝶型枕 台灣製(偏硬枕)MIT台灣製造(可以洗的枕頭),594,寢具,枕頭,https://www.etmall.com.tw/Dr-Air透氣專家-3D可水洗透氣-涼夏款-蝶型枕-台灣製-偏硬枕-MIT台灣製造-可以洗的枕頭/i/2237328?Store=5&Cate=50700,50700,https://www.etmall.com.tw/枕頭-寢具/c2/50700
2205368,《Embrace英柏絲》防蹣認證 日本大和JIS 抗菌枕頭(二入)特製棉 過敏體質推薦 ,852,寢具,枕頭,https://www.etmall.com.tw/Embrace英柏絲-防蹣認證-日本大和JIS-抗菌枕頭-二入-特製棉-過敏體質推薦/i/2205368?Store=5&Cate=50700,50700,https://www.etmall.com.tw/枕頭-寢具/c2/50700
2179875,澳洲Simple Living 標準型100%天然透氣乳膠枕-二入(40x57cm),1517,寢具,枕頭,https://www.etmall.com.tw/澳洲Simple-Living-標準型100-天然透氣乳膠枕-二入-40x57cm/i/2179875?Store=5&Cate=50700,50700,https://www.etmall.com.tw/枕頭-寢具/c2/50700
2179874,澳洲Simple Living 100%天然乳膠人體工學舒眠枕-一入(36x56cm),759,寢具,枕頭,https://www.etmall.com.tw/澳洲Simple-Living-100-天然乳膠人體工學舒眠枕-一入-36x56cm/i/2179874?Store=5&Cate=50700,50700,https://www.etmall.com.tw/枕頭-寢具/c2/50700
2179878,澳洲Simple Living 氣壓式微米顆粒透氣乳膠枕-一入(45x70cm),759,寢具,枕頭,https://www.etmall.com.tw/澳洲Simple-Living-氣壓式微米顆粒透氣乳膠枕-一入-45x70cm/i/2179878?Store=5&Cate=50700,50700,https://www.etmall.com.tw/枕頭-寢具/c2/50700
2118375,三合苑HOMESense-精梳純棉單色 超大 長抱枕_150x50cm 2.3kg 男友枕 超大抱枕 抬腿枕,624,寢具,枕頭,https://www.etmall.com.tw/三合苑HOMESense-精梳純棉單色-超大-長抱枕-150x50cm-2-3kg-男友枕-超大抱枕-抬腿枕/i/2118375?Store=5&Cate=50700,50700,https://www.etmall.com.tw/枕頭-寢具/c2/50700
2102285,LooCa 超透氣獨立筒枕2入+美國Microban抗菌保潔墊1入+防蹣枕套,1152,寢具,枕頭,https://www.etmall.com.tw/LooCa-超透氣獨立筒枕2入-美國Microban抗菌保潔墊1入-防蹣枕套/i/2102285?Store=5&Cate=50700,50700,https://www.etmall.com.tw/枕頭-寢具/c2/50700
2095209,PLAYBOY 吸濕排汗專利 純棉人體工學曲線乳膠枕,1101,寢具,枕頭,https://www.etmall.com.tw/PLAYBOY-吸濕排汗專利-純棉人體工學曲線乳膠枕/i/2095209?Store=5&Cate=50700,50700,https://www.etmall.com.tw/枕頭-寢具/c2/50700
2095215,Hilton 希爾頓 五星級純棉立體銀離子抑菌獨立筒枕,619,寢具,枕頭,https://www.etmall.com.tw/Hilton-希爾頓-五星級純棉立體銀離子抑菌獨立筒枕/i/2095215?Store=5&Cate=50700,50700,https://www.etmall.com.tw/枕頭-寢具/c2/50700
2080671,LooCa 全波形乳膠舒眠枕(2入)-1月活動,1082,寢具,枕頭,https://www.etmall.com.tw/LooCa-全波形乳膠舒眠枕-2入-1月活動/i/2080671?Store=5&Cate=50700,50700,https://www.etmall.com.tw/枕頭-寢具/c2/50700
2077640,Dr.Air透氣專家 3D天絲冬夏兩用 頸椎支撐枕 動態釋壓舒眠枕 X型軟棉 柔軟兼具彈性(偏高枕),594,寢具,枕頭,https://www.etmall.com.tw/Dr-Air透氣專家-3D天絲冬夏兩用-頸椎支撐枕-動態釋壓舒眠枕-X型軟棉-柔軟兼具彈性-偏高枕/i/2077640?Store=5&Cate=50700,50700,https://www.etmall.com.tw/枕頭-寢具/c2/50700
2047162,金健康3D伸展減壓舒頸枕旗艦版,2180,寢具,枕頭,https://www.etmall.com.tw/金健康3D伸展減壓舒頸枕旗艦版/i/2047162?Store=5&Cate=50700,50700,https://www.etmall.com.tw/枕頭-寢具/c2/50700
2047161,金健康3D伸展減壓舒頸寄異枕旗艦版2入,3880,寢具,枕頭,https://www.etmall.com.tw/金健康3D伸展減壓舒頸寄異枕旗艦版2入/i/2047161?Store=5&Cate=50700,50700,https://www.etmall.com.tw/枕頭-寢具/c2/50700
2031875,日本大京電販  4D防螨涼感枕超值2入組 ,1512,寢具,枕頭,https://www.etmall.com.tw/日本大京電販-4D防螨涼感枕超值2入組/i/2031875?Store=5&Cate=50700,50700,https://www.etmall.com.tw/枕頭-寢具/c2/50700
2017714,LooCa 可水洗高彈力空氣枕2顆-60x35x8/12公分,1680,寢具,枕頭,https://www.etmall.com.tw/LooCa-可水洗高彈力空氣枕2顆-60x35x8-12公分/i/2017714?Store=5&Cate=50700,50700,https://www.etmall.com.tw/枕頭-寢具/c2/50700
1975593,【BUHO布歐】薰衣草記憶坐靠墊[坐墊+腰靠墊(附鬆緊帶)],688,寢具,枕頭,https://www.etmall.com.tw/BUHO布歐-薰衣草記憶坐靠墊-坐墊-腰靠墊-附鬆緊帶/i/1975593?Store=5&Cate=50700,50700,https://www.etmall.com.tw/枕頭-寢具/c2/50700
1875467,【Novaya】《微笑寶貝》天然乳膠中童枕(9款),508,寢具,枕頭,https://www.etmall.com.tw/Novaya-微笑寶貝-天然乳膠中童枕-9款/i/1875467?Store=5&Cate=50700,50700,https://www.etmall.com.tw/枕頭-寢具/c2/50700
1847460,【CHI MEI】高密度竹備長炭記憶枕(2入),1617,寢具,枕頭,https://www.etmall.com.tw/CHI-MEI-高密度竹備長炭記憶枕-2入/i/1847460?Store=5&Cate=50700,50700,https://www.etmall.com.tw/枕頭-寢具/c2/50700
1825009,海夫 日華 輪椅用頭枕 台灣製,1875,寢具,枕頭,https://www.etmall.com.tw/海夫-日華-輪椅用頭枕-台灣製/i/1825009?Store=5&Cate=50700,50700,https://www.etmall.com.tw/枕頭-寢具/c2/50700
1812044,Incare 日本4D技術舒壓透氣防鼾蝶型枕(60.5*32cm加大新版),1024,寢具,枕頭,https://www.etmall.com.tw/Incare-日本4D技術舒壓透氣防鼾蝶型枕-60-5-32cm加大新版/i/1812044?Store=5&Cate=50700,50700,https://www.etmall.com.tw/枕頭-寢具/c2/50700
1774429,法式寢飾花季 優雅生活-五星飯店專用款羽絨枕頭(20%羽絨)買一送一組,1438,寢具,枕頭,https://www.etmall.com.tw/法式寢飾花季-優雅生活-五星飯店專用款羽絨枕頭-20-羽絨-買一送一組/i/1774429?Store=5&Cate=50700,50700,https://www.etmall.com.tw/枕頭-寢具/c2/50700
1740984,LooCa 全智能三段式乳膠負離子獨立筒枕(1入)-1月活動,809,寢具,枕頭,https://www.etmall.com.tw/LooCa-全智能三段式乳膠負離子獨立筒枕-1入-1月活動/i/1740984?Store=5&Cate=50700,50700,https://www.etmall.com.tw/枕頭-寢具/c2/50700
6219557, 【BUTTERFLY】綠豆殼透氣健康枕  一入 ,594,寢具,枕頭,https://www.etmall.com.tw/BUTTERFLY-綠豆殼透氣健康枕-一入/i/6219557?Store=5&Cate=50700,50700,https://www.etmall.com.tw/枕頭-寢具/c2/50700
2179857,澳洲Simple Living  七星級防霉抗菌高彈力釋壓枕-二入(台灣製),1207,寢具,枕頭,https://www.etmall.com.tw/澳洲Simple-Living-七星級防霉抗菌高彈力釋壓枕-二入-台灣製/i/2179857?Store=5&Cate=50700,50700,https://www.etmall.com.tw/枕頭-寢具/c2/50700
2217861,NINO1881 天絲釋壓竹炭記憶枕2入,1480,寢具,枕頭,https://www.etmall.com.tw/NINO1881-天絲釋壓竹炭記憶枕2入/i/2217861?Store=5&Cate=50700,50700,https://www.etmall.com.tw/枕頭-寢具/c2/50700
6087771,MIT科技羽絲絨枕2入,404,寢具,枕頭,https://www.etmall.com.tw/MIT科技羽絲絨枕2入/i/6087771?Store=5&Cate=50700,50700,https://www.etmall.com.tw/枕頭-寢具/c2/50700
2179868,澳洲Simple Living 抑菌活性碳慢回彈零壓工學記憶枕-一入(台灣製),759,寢具,枕頭,https://www.etmall.com.tw/澳洲Simple-Living-抑菌活性碳慢回彈零壓工學記憶枕-一入-台灣製/i/2179868?Store=5&Cate=50700,50700,https://www.etmall.com.tw/枕頭-寢具/c2/50700
1948338,Hilton 希爾頓 6D透氣舒柔乳膠枕,599,寢具,枕頭,https://www.etmall.com.tw/Hilton-希爾頓-6D透氣舒柔乳膠枕/i/1948338?Store=5&Cate=50700,50700,https://www.etmall.com.tw/枕頭-寢具/c2/50700
1729728,FUJI-GRACE 蝶型磁石記憶棉透氣枕-大尺寸,645,寢具,枕頭,https://www.etmall.com.tw/FUJI-GRACE-蝶型磁石記憶棉透氣枕-大尺寸/i/1729728?Store=5&Cate=50700,50700,https://www.etmall.com.tw/枕頭-寢具/c2/50700
2201073,DR.Luo零重力舒壓枕【送薰衣草香氛水竹1入】,2451,寢具,枕頭,https://www.etmall.com.tw/DR-Luo零重力舒壓枕-送薰衣草香氛水竹1入/i/2201073?Store=5&Cate=50700,50700,https://www.etmall.com.tw/枕頭-寢具/c2/50700
2180912,[AndyBedding]MIT五星級人工水鳥羽毛枕(2入),353,寢具,枕頭,https://www.etmall.com.tw/AndyBedding-MIT五星級人工水鳥羽毛枕-2入/i/2180912?Store=5&Cate=50700,50700,https://www.etmall.com.tw/枕頭-寢具/c2/50700
2141013,HILTON 希爾頓  純棉獨立筒枕 VIP貴賓 立體銀離子抑菌 2入組,990,寢具,枕頭,https://www.etmall.com.tw/HILTON-希爾頓-純棉獨立筒枕-VIP貴賓-立體銀離子抑菌-2入組/i/2141013?Store=5&Cate=50700,50700,https://www.etmall.com.tw/枕頭-寢具/c2/50700
2083831,米夢家居-內凹保健深度睡眠止鼾-護耳灌模記憶中高枕(密度60) (1入),1074,寢具,枕頭,https://www.etmall.com.tw/米夢家居-內凹保健深度睡眠止鼾-護耳灌模記憶中高枕-密度60-1入/i/2083831?Store=5&Cate=50700,50700,https://www.etmall.com.tw/枕頭-寢具/c2/50700
1831292,日本3D超紓壓透氣磁石款碟型枕-小(顏色隨機) FJ-835,592,寢具,枕頭,https://www.etmall.com.tw/日本3D超紓壓透氣磁石款碟型枕-小-顏色隨機-FJ-835/i/1831292?Store=5&Cate=50700,50700,https://www.etmall.com.tw/枕頭-寢具/c2/50700
1751730,臺灣製造3M繽紛水洗抗菌枕(2入),585,寢具,枕頭,https://www.etmall.com.tw/臺灣製造3M繽紛水洗抗菌枕-2入/i/1751730?Store=5&Cate=50700,50700,https://www.etmall.com.tw/枕頭-寢具/c2/50700
1730312,台灣製造4D透氣水洗抗菌枕2入,673,寢具,枕頭,https://www.etmall.com.tw/台灣製造4D透氣水洗抗菌枕2入/i/1730312?Store=5&Cate=50700,50700,https://www.etmall.com.tw/枕頭-寢具/c2/50700
1722710,LooCa全新天然乳膠肩頸紓壓枕,1280,寢具,枕頭,https://www.etmall.com.tw/LooCa全新天然乳膠肩頸紓壓枕/i/1722710?Store=5&Cate=50700,50700,https://www.etmall.com.tw/枕頭-寢具/c2/50700
6209190,AGAPE亞加.貝 MIT台灣製3M防潑水專利防蹣抗菌枕頭套式保潔墊2入-紳士灰,344,寢具,枕頭,https://www.etmall.com.tw/AGAPE亞加-貝-MIT台灣製3M防潑水專利防蹣抗菌枕頭套式保潔墊2入-紳士灰/i/6209190?Store=5&Cate=50700,50700,https://www.etmall.com.tw/枕頭-寢具/c2/50700
2235132,NINO1881 夏日舒適透氣蠶絲枕2入,890,寢具,枕頭,https://www.etmall.com.tw/NINO1881-夏日舒適透氣蠶絲枕2入/i/2235132?Store=5&Cate=50700,50700,https://www.etmall.com.tw/枕頭-寢具/c2/50700
2242761,《Embrace英柏絲》柔軟體感 人體工學蝶形天絲記憶枕 慢回彈冷壓記憶棉 加強支撐度,1101,寢具,枕頭,https://www.etmall.com.tw/Embrace英柏絲-柔軟體感-人體工學蝶形天絲記憶枕-慢回彈冷壓記憶棉-加強支撐度/i/2242761?Store=5&Cate=50700,50700,https://www.etmall.com.tw/枕頭-寢具/c2/50700
2237328,《Dr.Air透氣專家》3D可水洗透氣 涼夏款 蝶型枕 台灣製(偏硬枕)MIT台灣製造(可以洗的枕頭),594,寢具,枕頭,https://www.etmall.com.tw/Dr-Air透氣專家-3D可水洗透氣-涼夏款-蝶型枕-台灣製-偏硬枕-MIT台灣製造-可以洗的枕頭/i/2237328?Store=5&Cate=50700,50700,https://www.etmall.com.tw/枕頭-寢具/c2/50700
2205368,《Embrace英柏絲》防蹣認證 日本大和JIS 抗菌枕頭(二入)特製棉 過敏體質推薦 ,852,寢具,枕頭,https://www.etmall.com.tw/Embrace英柏絲-防蹣認證-日本大和JIS-抗菌枕頭-二入-特製棉-過敏體質推薦/i/2205368?Store=5&Cate=50700,50700,https://www.etmall.com.tw/枕頭-寢具/c2/50700
2179875,澳洲Simple Living 標準型100%天然透氣乳膠枕-二入(40x57cm),1517,寢具,枕頭,https://www.etmall.com.tw/澳洲Simple-Living-標準型100-天然透氣乳膠枕-二入-40x57cm/i/2179875?Store=5&Cate=50700,50700,https://www.etmall.com.tw/枕頭-寢具/c2/50700
2179874,澳洲Simple Living 100%天然乳膠人體工學舒眠枕-一入(36x56cm),759,寢具,枕頭,https://www.etmall.com.tw/澳洲Simple-Living-100-天然乳膠人體工學舒眠枕-一入-36x56cm/i/2179874?Store=5&Cate=50700,50700,https://www.etmall.com.tw/枕頭-寢具/c2/50700
2179878,澳洲Simple Living 氣壓式微米顆粒透氣乳膠枕-一入(45x70cm),759,寢具,枕頭,https://www.etmall.com.tw/澳洲Simple-Living-氣壓式微米顆粒透氣乳膠枕-一入-45x70cm/i/2179878?Store=5&Cate=50700,50700,https://www.etmall.com.tw/枕頭-寢具/c2/50700
2118375,三合苑HOMESense-精梳純棉單色 超大 長抱枕_150x50cm 2.3kg 男友枕 超大抱枕 抬腿枕,624,寢具,枕頭,https://www.etmall.com.tw/三合苑HOMESense-精梳純棉單色-超大-長抱枕-150x50cm-2-3kg-男友枕-超大抱枕-抬腿枕/i/2118375?Store=5&Cate=50700,50700,https://www.etmall.com.tw/枕頭-寢具/c2/50700
2102285,LooCa 超透氣獨立筒枕2入+美國Microban抗菌保潔墊1入+防蹣枕套,1152,寢具,枕頭,https://www.etmall.com.tw/LooCa-超透氣獨立筒枕2入-美國Microban抗菌保潔墊1入-防蹣枕套/i/2102285?Store=5&Cate=50700,50700,https://www.etmall.com.tw/枕頭-寢具/c2/50700
2095209,PLAYBOY 吸濕排汗專利 純棉人體工學曲線乳膠枕,1101,寢具,枕頭,https://www.etmall.com.tw/PLAYBOY-吸濕排汗專利-純棉人體工學曲線乳膠枕/i/2095209?Store=5&Cate=50700,50700,https://www.etmall.com.tw/枕頭-寢具/c2/50700
2095215,Hilton 希爾頓 五星級純棉立體銀離子抑菌獨立筒枕,619,寢具,枕頭,https://www.etmall.com.tw/Hilton-希爾頓-五星級純棉立體銀離子抑菌獨立筒枕/i/2095215?Store=5&Cate=50700,50700,https://www.etmall.com.tw/枕頭-寢具/c2/50700
2080671,LooCa 全波形乳膠舒眠枕(2入)-1月活動,1082,寢具,枕頭,https://www.etmall.com.tw/LooCa-全波形乳膠舒眠枕-2入-1月活動/i/2080671?Store=5&Cate=50700,50700,https://www.etmall.com.tw/枕頭-寢具/c2/50700
2077640,Dr.Air透氣專家 3D天絲冬夏兩用 頸椎支撐枕 動態釋壓舒眠枕 X型軟棉 柔軟兼具彈性(偏高枕),594,寢具,枕頭,https://www.etmall.com.tw/Dr-Air透氣專家-3D天絲冬夏兩用-頸椎支撐枕-動態釋壓舒眠枕-X型軟棉-柔軟兼具彈性-偏高枕/i/2077640?Store=5&Cate=50700,50700,https://www.etmall.com.tw/枕頭-寢具/c2/50700
2047162,金健康3D伸展減壓舒頸枕旗艦版,2180,寢具,枕頭,https://www.etmall.com.tw/金健康3D伸展減壓舒頸枕旗艦版/i/2047162?Store=5&Cate=50700,50700,https://www.etmall.com.tw/枕頭-寢具/c2/50700
2047161,金健康3D伸展減壓舒頸寄異枕旗艦版2入,3880,寢具,枕頭,https://www.etmall.com.tw/金健康3D伸展減壓舒頸寄異枕旗艦版2入/i/2047161?Store=5&Cate=50700,50700,https://www.etmall.com.tw/枕頭-寢具/c2/50700
2031875,日本大京電販  4D防螨涼感枕超值2入組 ,1512,寢具,枕頭,https://www.etmall.com.tw/日本大京電販-4D防螨涼感枕超值2入組/i/2031875?Store=5&Cate=50700,50700,https://www.etmall.com.tw/枕頭-寢具/c2/50700
2017714,LooCa 可水洗高彈力空氣枕2顆-60x35x8/12公分,1680,寢具,枕頭,https://www.etmall.com.tw/LooCa-可水洗高彈力空氣枕2顆-60x35x8-12公分/i/2017714?Store=5&Cate=50700,50700,https://www.etmall.com.tw/枕頭-寢具/c2/50700
1975593,【BUHO布歐】薰衣草記憶坐靠墊[坐墊+腰靠墊(附鬆緊帶)],688,寢具,枕頭,https://www.etmall.com.tw/BUHO布歐-薰衣草記憶坐靠墊-坐墊-腰靠墊-附鬆緊帶/i/1975593?Store=5&Cate=50700,50700,https://www.etmall.com.tw/枕頭-寢具/c2/50700
1875467,【Novaya】《微笑寶貝》天然乳膠中童枕(9款),508,寢具,枕頭,https://www.etmall.com.tw/Novaya-微笑寶貝-天然乳膠中童枕-9款/i/1875467?Store=5&Cate=50700,50700,https://www.etmall.com.tw/枕頭-寢具/c2/50700
1847460,【CHI MEI】高密度竹備長炭記憶枕(2入),1617,寢具,枕頭,https://www.etmall.com.tw/CHI-MEI-高密度竹備長炭記憶枕-2入/i/1847460?Store=5&Cate=50700,50700,https://www.etmall.com.tw/枕頭-寢具/c2/50700
1825009,海夫 日華 輪椅用頭枕 台灣製,1875,寢具,枕頭,https://www.etmall.com.tw/海夫-日華-輪椅用頭枕-台灣製/i/1825009?Store=5&Cate=50700,50700,https://www.etmall.com.tw/枕頭-寢具/c2/50700
1812044,Incare 日本4D技術舒壓透氣防鼾蝶型枕(60.5*32cm加大新版),1024,寢具,枕頭,https://www.etmall.com.tw/Incare-日本4D技術舒壓透氣防鼾蝶型枕-60-5-32cm加大新版/i/1812044?Store=5&Cate=50700,50700,https://www.etmall.com.tw/枕頭-寢具/c2/50700
1774429,法式寢飾花季 優雅生活-五星飯店專用款羽絨枕頭(20%羽絨)買一送一組,1438,寢具,枕頭,https://www.etmall.com.tw/法式寢飾花季-優雅生活-五星飯店專用款羽絨枕頭-20-羽絨-買一送一組/i/1774429?Store=5&Cate=50700,50700,https://www.etmall.com.tw/枕頭-寢具/c2/50700
1740984,LooCa 全智能三段式乳膠負離子獨立筒枕(1入)-1月活動,809,寢具,枕頭,https://www.etmall.com.tw/LooCa-全智能三段式乳膠負離子獨立筒枕-1入-1月活動/i/1740984?Store=5&Cate=50700,50700,https://www.etmall.com.tw/枕頭-寢具/c2/50700
6219557, 【BUTTERFLY】綠豆殼透氣健康枕  一入 ,594,寢具,枕頭,https://www.etmall.com.tw/BUTTERFLY-綠豆殼透氣健康枕-一入/i/6219557?Store=5&Cate=50700,50700,https://www.etmall.com.tw/枕頭-寢具/c2/50700
2179857,澳洲Simple Living  七星級防霉抗菌高彈力釋壓枕-二入(台灣製),1207,寢具,枕頭,https://www.etmall.com.tw/澳洲Simple-Living-七星級防霉抗菌高彈力釋壓枕-二入-台灣製/i/2179857?Store=5&Cate=50700,50700,https://www.etmall.com.tw/枕頭-寢具/c2/50700
2217861,NINO1881 天絲釋壓竹炭記憶枕2入,1480,寢具,枕頭,https://www.etmall.com.tw/NINO1881-天絲釋壓竹炭記憶枕2入/i/2217861?Store=5&Cate=50700,50700,https://www.etmall.com.tw/枕頭-寢具/c2/50700
6087771,MIT科技羽絲絨枕2入,404,寢具,枕頭,https://www.etmall.com.tw/MIT科技羽絲絨枕2入/i/6087771?Store=5&Cate=50700,50700,https://www.etmall.com.tw/枕頭-寢具/c2/50700
2179868,澳洲Simple Living 抑菌活性碳慢回彈零壓工學記憶枕-一入(台灣製),759,寢具,枕頭,https://www.etmall.com.tw/澳洲Simple-Living-抑菌活性碳慢回彈零壓工學記憶枕-一入-台灣製/i/2179868?Store=5&Cate=50700,50700,https://www.etmall.com.tw/枕頭-寢具/c2/50700
1948338,Hilton 希爾頓 6D透氣舒柔乳膠枕,599,寢具,枕頭,https://www.etmall.com.tw/Hilton-希爾頓-6D透氣舒柔乳膠枕/i/1948338?Store=5&Cate=50700,50700,https://www.etmall.com.tw/枕頭-寢具/c2/50700
1729728,FUJI-GRACE 蝶型磁石記憶棉透氣枕-大尺寸,645,寢具,枕頭,https://www.etmall.com.tw/FUJI-GRACE-蝶型磁石記憶棉透氣枕-大尺寸/i/1729728?Store=5&Cate=50700,50700,https://www.etmall.com.tw/枕頭-寢具/c2/50700
2201073,DR.Luo零重力舒壓枕【送薰衣草香氛水竹1入】,2451,寢具,枕頭,https://www.etmall.com.tw/DR-Luo零重力舒壓枕-送薰衣草香氛水竹1入/i/2201073?Store=5&Cate=50700,50700,https://www.etmall.com.tw/枕頭-寢具/c2/50700
2180912,[AndyBedding]MIT五星級人工水鳥羽毛枕(2入),353,寢具,枕頭,https://www.etmall.com.tw/AndyBedding-MIT五星級人工水鳥羽毛枕-2入/i/2180912?Store=5&Cate=50700,50700,https://www.etmall.com.tw/枕頭-寢具/c2/50700
2141013,HILTON 希爾頓  純棉獨立筒枕 VIP貴賓 立體銀離子抑菌 2入組,990,寢具,枕頭,https://www.etmall.com.tw/HILTON-希爾頓-純棉獨立筒枕-VIP貴賓-立體銀離子抑菌-2入組/i/2141013?Store=5&Cate=50700,50700,https://www.etmall.com.tw/枕頭-寢具/c2/50700
2083831,米夢家居-內凹保健深度睡眠止鼾-護耳灌模記憶中高枕(密度60) (1入),1074,寢具,枕頭,https://www.etmall.com.tw/米夢家居-內凹保健深度睡眠止鼾-護耳灌模記憶中高枕-密度60-1入/i/2083831?Store=5&Cate=50700,50700,https://www.etmall.com.tw/枕頭-寢具/c2/50700
1831292,日本3D超紓壓透氣磁石款碟型枕-小(顏色隨機) FJ-835,592,寢具,枕頭,https://www.etmall.com.tw/日本3D超紓壓透氣磁石款碟型枕-小-顏色隨機-FJ-835/i/1831292?Store=5&Cate=50700,50700,https://www.etmall.com.tw/枕頭-寢具/c2/50700
1751730,臺灣製造3M繽紛水洗抗菌枕(2入),585,寢具,枕頭,https://www.etmall.com.tw/臺灣製造3M繽紛水洗抗菌枕-2入/i/1751730?Store=5&Cate=50700,50700,https://www.etmall.com.tw/枕頭-寢具/c2/50700
1730312,台灣製造4D透氣水洗抗菌枕2入,673,寢具,枕頭,https://www.etmall.com.tw/台灣製造4D透氣水洗抗菌枕2入/i/1730312?Store=5&Cate=50700,50700,https://www.etmall.com.tw/枕頭-寢具/c2/50700
1722710,LooCa全新天然乳膠肩頸紓壓枕,1280,寢具,枕頭,https://www.etmall.com.tw/LooCa全新天然乳膠肩頸紓壓枕/i/1722710?Store=5&Cate=50700,50700,https://www.etmall.com.tw/枕頭-寢具/c2/50700
6209190,AGAPE亞加.貝 MIT台灣製3M防潑水專利防蹣抗菌枕頭套式保潔墊2入-紳士灰,344,寢具,枕頭,https://www.etmall.com.tw/AGAPE亞加-貝-MIT台灣製3M防潑水專利防蹣抗菌枕頭套式保潔墊2入-紳士灰/i/6209190?Store=5&Cate=50700,50700,https://www.etmall.com.tw/枕頭-寢具/c2/50700
2235132,NINO1881 夏日舒適透氣蠶絲枕2入,890,寢具,枕頭,https://www.etmall.com.tw/NINO1881-夏日舒適透氣蠶絲枕2入/i/2235132?Store=5&Cate=50700,50700,https://www.etmall.com.tw/枕頭-寢具/c2/50700
2242761,《Embrace英柏絲》柔軟體感 人體工學蝶形天絲記憶枕 慢回彈冷壓記憶棉 加強支撐度,1101,寢具,枕頭,https://www.etmall.com.tw/Embrace英柏絲-柔軟體感-人體工學蝶形天絲記憶枕-慢回彈冷壓記憶棉-加強支撐度/i/2242761?Store=5&Cate=50700,50700,https://www.etmall.com.tw/枕頭-寢具/c2/50700
2237328,《Dr.Air透氣專家》3D可水洗透氣 涼夏款 蝶型枕 台灣製(偏硬枕)MIT台灣製造(可以洗的枕頭),594,寢具,枕頭,https://www.etmall.com.tw/Dr-Air透氣專家-3D可水洗透氣-涼夏款-蝶型枕-台灣製-偏硬枕-MIT台灣製造-可以洗的枕頭/i/2237328?Store=5&Cate=50700,50700,https://www.etmall.com.tw/枕頭-寢具/c2/50700
2205368,《Embrace英柏絲》防蹣認證 日本大和JIS 抗菌枕頭(二入)特製棉 過敏體質推薦 ,852,寢具,枕頭,https://www.etmall.com.tw/Embrace英柏絲-防蹣認證-日本大和JIS-抗菌枕頭-二入-特製棉-過敏體質推薦/i/2205368?Store=5&Cate=50700,50700,https://www.etmall.com.tw/枕頭-寢具/c2/50700
2179875,澳洲Simple Living 標準型100%天然透氣乳膠枕-二入(40x57cm),1517,寢具,枕頭,https://www.etmall.com.tw/澳洲Simple-Living-標準型100-天然透氣乳膠枕-二入-40x57cm/i/2179875?Store=5&Cate=50700,50700,https://www.etmall.com.tw/枕頭-寢具/c2/50700
2179874,澳洲Simple Living 100%天然乳膠人體工學舒眠枕-一入(36x56cm),759,寢具,枕頭,https://www.etmall.com.tw/澳洲Simple-Living-100-天然乳膠人體工學舒眠枕-一入-36x56cm/i/2179874?Store=5&Cate=50700,50700,https://www.etmall.com.tw/枕頭-寢具/c2/50700
2179878,澳洲Simple Living 氣壓式微米顆粒透氣乳膠枕-一入(45x70cm),759,寢具,枕頭,https://www.etmall.com.tw/澳洲Simple-Living-氣壓式微米顆粒透氣乳膠枕-一入-45x70cm/i/2179878?Store=5&Cate=50700,50700,https://www.etmall.com.tw/枕頭-寢具/c2/50700
2118375,三合苑HOMESense-精梳純棉單色 超大 長抱枕_150x50cm 2.3kg 男友枕 超大抱枕 抬腿枕,624,寢具,枕頭,https://www.etmall.com.tw/三合苑HOMESense-精梳純棉單色-超大-長抱枕-150x50cm-2-3kg-男友枕-超大抱枕-抬腿枕/i/2118375?Store=5&Cate=50700,50700,https://www.etmall.com.tw/枕頭-寢具/c2/50700
2102285,LooCa 超透氣獨立筒枕2入+美國Microban抗菌保潔墊1入+防蹣枕套,1152,寢具,枕頭,https://www.etmall.com.tw/LooCa-超透氣獨立筒枕2入-美國Microban抗菌保潔墊1入-防蹣枕套/i/2102285?Store=5&Cate=50700,50700,https://www.etmall.com.tw/枕頭-寢具/c2/50700
2095209,PLAYBOY 吸濕排汗專利 純棉人體工學曲線乳膠枕,1101,寢具,枕頭,https://www.etmall.com.tw/PLAYBOY-吸濕排汗專利-純棉人體工學曲線乳膠枕/i/2095209?Store=5&Cate=50700,50700,https://www.etmall.com.tw/枕頭-寢具/c2/50700
2095215,Hilton 希爾頓 五星級純棉立體銀離子抑菌獨立筒枕,619,寢具,枕頭,https://www.etmall.com.tw/Hilton-希爾頓-五星級純棉立體銀離子抑菌獨立筒枕/i/2095215?Store=5&Cate=50700,50700,https://www.etmall.com.tw/枕頭-寢具/c2/50700
2080671,LooCa 全波形乳膠舒眠枕(2入)-1月活動,1082,寢具,枕頭,https://www.etmall.com.tw/LooCa-全波形乳膠舒眠枕-2入-1月活動/i/2080671?Store=5&Cate=50700,50700,https://www.etmall.com.tw/枕頭-寢具/c2/50700
2077640,Dr.Air透氣專家 3D天絲冬夏兩用 頸椎支撐枕 動態釋壓舒眠枕 X型軟棉 柔軟兼具彈性(偏高枕),594,寢具,枕頭,https://www.etmall.com.tw/Dr-Air透氣專家-3D天絲冬夏兩用-頸椎支撐枕-動態釋壓舒眠枕-X型軟棉-柔軟兼具彈性-偏高枕/i/2077640?Store=5&Cate=50700,50700,https://www.etmall.com.tw/枕頭-寢具/c2/50700
2047162,金健康3D伸展減壓舒頸枕旗艦版,2180,寢具,枕頭,https://www.etmall.com.tw/金健康3D伸展減壓舒頸枕旗艦版/i/2047162?Store=5&Cate=50700,50700,https://www.etmall.com.tw/枕頭-寢具/c2/50700
2047161,金健康3D伸展減壓舒頸寄異枕旗艦版2入,3880,寢具,枕頭,https://www.etmall.com.tw/金健康3D伸展減壓舒頸寄異枕旗艦版2入/i/2047161?Store=5&Cate=50700,50700,https://www.etmall.com.tw/枕頭-寢具/c2/50700
2031875,日本大京電販  4D防螨涼感枕超值2入組 ,1512,寢具,枕頭,https://www.etmall.com.tw/日本大京電販-4D防螨涼感枕超值2入組/i/2031875?Store=5&Cate=50700,50700,https://www.etmall.com.tw/枕頭-寢具/c2/50700
2017714,LooCa 可水洗高彈力空氣枕2顆-60x35x8/12公分,1680,寢具,枕頭,https://www.etmall.com.tw/LooCa-可水洗高彈力空氣枕2顆-60x35x8-12公分/i/2017714?Store=5&Cate=50700,50700,https://www.etmall.com.tw/枕頭-寢具/c2/50700
1975593,【BUHO布歐】薰衣草記憶坐靠墊[坐墊+腰靠墊(附鬆緊帶)],688,寢具,枕頭,https://www.etmall.com.tw/BUHO布歐-薰衣草記憶坐靠墊-坐墊-腰靠墊-附鬆緊帶/i/1975593?Store=5&Cate=50700,50700,https://www.etmall.com.tw/枕頭-寢具/c2/50700
1875467,【Novaya】《微笑寶貝》天然乳膠中童枕(9款),508,寢具,枕頭,https://www.etmall.com.tw/Novaya-微笑寶貝-天然乳膠中童枕-9款/i/1875467?Store=5&Cate=50700,50700,https://www.etmall.com.tw/枕頭-寢具/c2/50700
1847460,【CHI MEI】高密度竹備長炭記憶枕(2入),1617,寢具,枕頭,https://www.etmall.com.tw/CHI-MEI-高密度竹備長炭記憶枕-2入/i/1847460?Store=5&Cate=50700,50700,https://www.etmall.com.tw/枕頭-寢具/c2/50700
1825009,海夫 日華 輪椅用頭枕 台灣製,1875,寢具,枕頭,https://www.etmall.com.tw/海夫-日華-輪椅用頭枕-台灣製/i/1825009?Store=5&Cate=50700,50700,https://www.etmall.com.tw/枕頭-寢具/c2/50700
1812044,Incare 日本4D技術舒壓透氣防鼾蝶型枕(60.5*32cm加大新版),1024,寢具,枕頭,https://www.etmall.com.tw/Incare-日本4D技術舒壓透氣防鼾蝶型枕-60-5-32cm加大新版/i/1812044?Store=5&Cate=50700,50700,https://www.etmall.com.tw/枕頭-寢具/c2/50700
1774429,法式寢飾花季 優雅生活-五星飯店專用款羽絨枕頭(20%羽絨)買一送一組,1438,寢具,枕頭,https://www.etmall.com.tw/法式寢飾花季-優雅生活-五星飯店專用款羽絨枕頭-20-羽絨-買一送一組/i/1774429?Store=5&Cate=50700,50700,https://www.etmall.com.tw/枕頭-寢具/c2/50700
1740984,LooCa 全智能三段式乳膠負離子獨立筒枕(1入)-1月活動,809,寢具,枕頭,https://www.etmall.com.tw/LooCa-全智能三段式乳膠負離子獨立筒枕-1入-1月活動/i/1740984?Store=5&Cate=50700,50700,https://www.etmall.com.tw/枕頭-寢具/c2/50700
6219557, 【BUTTERFLY】綠豆殼透氣健康枕  一入 ,594,寢具,枕頭,https://www.etmall.com.tw/BUTTERFLY-綠豆殼透氣健康枕-一入/i/6219557?Store=5&Cate=50700,50700,https://www.etmall.com.tw/枕頭-寢具/c2/50700
2179857,澳洲Simple Living  七星級防霉抗菌高彈力釋壓枕-二入(台灣製),1207,寢具,枕頭,https://www.etmall.com.tw/澳洲Simple-Living-七星級防霉抗菌高彈力釋壓枕-二入-台灣製/i/2179857?Store=5&Cate=50700,50700,https://www.etmall.com.tw/枕頭-寢具/c2/50700
2217861,NINO1881 天絲釋壓竹炭記憶枕2入,1480,寢具,枕頭,https://www.etmall.com.tw/NINO1881-天絲釋壓竹炭記憶枕2入/i/2217861?Store=5&Cate=50700,50700,https://www.etmall.com.tw/枕頭-寢具/c2/50700
6087771,MIT科技羽絲絨枕2入,404,寢具,枕頭,https://www.etmall.com.tw/MIT科技羽絲絨枕2入/i/6087771?Store=5&Cate=50700,50700,https://www.etmall.com.tw/枕頭-寢具/c2/50700
2179868,澳洲Simple Living 抑菌活性碳慢回彈零壓工學記憶枕-一入(台灣製),759,寢具,枕頭,https://www.etmall.com.tw/澳洲Simple-Living-抑菌活性碳慢回彈零壓工學記憶枕-一入-台灣製/i/2179868?Store=5&Cate=50700,50700,https://www.etmall.com.tw/枕頭-寢具/c2/50700
1948338,Hilton 希爾頓 6D透氣舒柔乳膠枕,599,寢具,枕頭,https://www.etmall.com.tw/Hilton-希爾頓-6D透氣舒柔乳膠枕/i/1948338?Store=5&Cate=50700,50700,https://www.etmall.com.tw/枕頭-寢具/c2/50700
1729728,FUJI-GRACE 蝶型磁石記憶棉透氣枕-大尺寸,645,寢具,枕頭,https://www.etmall.com.tw/FUJI-GRACE-蝶型磁石記憶棉透氣枕-大尺寸/i/1729728?Store=5&Cate=50700,50700,https://www.etmall.com.tw/枕頭-寢具/c2/50700
2201073,DR.Luo零重力舒壓枕【送薰衣草香氛水竹1入】,2451,寢具,枕頭,https://www.etmall.com.tw/DR-Luo零重力舒壓枕-送薰衣草香氛水竹1入/i/2201073?Store=5&Cate=50700,50700,https://www.etmall.com.tw/枕頭-寢具/c2/50700
2180912,[AndyBedding]MIT五星級人工水鳥羽毛枕(2入),353,寢具,枕頭,https://www.etmall.com.tw/AndyBedding-MIT五星級人工水鳥羽毛枕-2入/i/2180912?Store=5&Cate=50700,50700,https://www.etmall.com.tw/枕頭-寢具/c2/50700
2141013,HILTON 希爾頓  純棉獨立筒枕 VIP貴賓 立體銀離子抑菌 2入組,990,寢具,枕頭,https://www.etmall.com.tw/HILTON-希爾頓-純棉獨立筒枕-VIP貴賓-立體銀離子抑菌-2入組/i/2141013?Store=5&Cate=50700,50700,https://www.etmall.com.tw/枕頭-寢具/c2/50700
2083831,米夢家居-內凹保健深度睡眠止鼾-護耳灌模記憶中高枕(密度60) (1入),1074,寢具,枕頭,https://www.etmall.com.tw/米夢家居-內凹保健深度睡眠止鼾-護耳灌模記憶中高枕-密度60-1入/i/2083831?Store=5&Cate=50700,50700,https://www.etmall.com.tw/枕頭-寢具/c2/50700
1831292,日本3D超紓壓透氣磁石款碟型枕-小(顏色隨機) FJ-835,592,寢具,枕頭,https://www.etmall.com.tw/日本3D超紓壓透氣磁石款碟型枕-小-顏色隨機-FJ-835/i/1831292?Store=5&Cate=50700,50700,https://www.etmall.com.tw/枕頭-寢具/c2/50700
1751730,臺灣製造3M繽紛水洗抗菌枕(2入),585,寢具,枕頭,https://www.etmall.com.tw/臺灣製造3M繽紛水洗抗菌枕-2入/i/1751730?Store=5&Cate=50700,50700,https://www.etmall.com.tw/枕頭-寢具/c2/50700
1730312,台灣製造4D透氣水洗抗菌枕2入,673,寢具,枕頭,https://www.etmall.com.tw/台灣製造4D透氣水洗抗菌枕2入/i/1730312?Store=5&Cate=50700,50700,https://www.etmall.com.tw/枕頭-寢具/c2/50700
1722710,LooCa全新天然乳膠肩頸紓壓枕,1280,寢具,枕頭,https://www.etmall.com.tw/LooCa全新天然乳膠肩頸紓壓枕/i/1722710?Store=5&Cate=50700,50700,https://www.etmall.com.tw/枕頭-寢具/c2/50700
6209190,AGAPE亞加.貝 MIT台灣製3M防潑水專利防蹣抗菌枕頭套式保潔墊2入-紳士灰,344,寢具,枕頭,https://www.etmall.com.tw/AGAPE亞加-貝-MIT台灣製3M防潑水專利防蹣抗菌枕頭套式保潔墊2入-紳士灰/i/6209190?Store=5&Cate=50700,50700,https://www.etmall.com.tw/枕頭-寢具/c2/50700
2235132,NINO1881 夏日舒適透氣蠶絲枕2入,890,寢具,枕頭,https://www.etmall.com.tw/NINO1881-夏日舒適透氣蠶絲枕2入/i/2235132?Store=5&Cate=50700,50700,https://www.etmall.com.tw/枕頭-寢具/c2/50700
2242761,《Embrace英柏絲》柔軟體感 人體工學蝶形天絲記憶枕 慢回彈冷壓記憶棉 加強支撐度,1101,寢具,枕頭,https://www.etmall.com.tw/Embrace英柏絲-柔軟體感-人體工學蝶形天絲記憶枕-慢回彈冷壓記憶棉-加強支撐度/i/2242761?Store=5&Cate=50700,50700,https://www.etmall.com.tw/枕頭-寢具/c2/50700
2237328,《Dr.Air透氣專家》3D可水洗透氣 涼夏款 蝶型枕 台灣製(偏硬枕)MIT台灣製造(可以洗的枕頭),594,寢具,枕頭,https://www.etmall.com.tw/Dr-Air透氣專家-3D可水洗透氣-涼夏款-蝶型枕-台灣製-偏硬枕-MIT台灣製造-可以洗的枕頭/i/2237328?Store=5&Cate=50700,50700,https://www.etmall.com.tw/枕頭-寢具/c2/50700
2205368,《Embrace英柏絲》防蹣認證 日本大和JIS 抗菌枕頭(二入)特製棉 過敏體質推薦 ,852,寢具,枕頭,https://www.etmall.com.tw/Embrace英柏絲-防蹣認證-日本大和JIS-抗菌枕頭-二入-特製棉-過敏體質推薦/i/2205368?Store=5&Cate=50700,50700,https://www.etmall.com.tw/枕頭-寢具/c2/50700
2179875,澳洲Simple Living 標準型100%天然透氣乳膠枕-二入(40x57cm),1517,寢具,枕頭,https://www.etmall.com.tw/澳洲Simple-Living-標準型100-天然透氣乳膠枕-二入-40x57cm/i/2179875?Store=5&Cate=50700,50700,https://www.etmall.com.tw/枕頭-寢具/c2/50700
2179874,澳洲Simple Living 100%天然乳膠人體工學舒眠枕-一入(36x56cm),759,寢具,枕頭,https://www.etmall.com.tw/澳洲Simple-Living-100-天然乳膠人體工學舒眠枕-一入-36x56cm/i/2179874?Store=5&Cate=50700,50700,https://www.etmall.com.tw/枕頭-寢具/c2/50700
2179878,澳洲Simple Living 氣壓式微米顆粒透氣乳膠枕-一入(45x70cm),759,寢具,枕頭,https://www.etmall.com.tw/澳洲Simple-Living-氣壓式微米顆粒透氣乳膠枕-一入-45x70cm/i/2179878?Store=5&Cate=50700,50700,https://www.etmall.com.tw/枕頭-寢具/c2/50700
2118375,三合苑HOMESense-精梳純棉單色 超大 長抱枕_150x50cm 2.3kg 男友枕 超大抱枕 抬腿枕,624,寢具,枕頭,https://www.etmall.com.tw/三合苑HOMESense-精梳純棉單色-超大-長抱枕-150x50cm-2-3kg-男友枕-超大抱枕-抬腿枕/i/2118375?Store=5&Cate=50700,50700,https://www.etmall.com.tw/枕頭-寢具/c2/50700
2102285,LooCa 超透氣獨立筒枕2入+美國Microban抗菌保潔墊1入+防蹣枕套,1152,寢具,枕頭,https://www.etmall.com.tw/LooCa-超透氣獨立筒枕2入-美國Microban抗菌保潔墊1入-防蹣枕套/i/2102285?Store=5&Cate=50700,50700,https://www.etmall.com.tw/枕頭-寢具/c2/50700
2095209,PLAYBOY 吸濕排汗專利 純棉人體工學曲線乳膠枕,1101,寢具,枕頭,https://www.etmall.com.tw/PLAYBOY-吸濕排汗專利-純棉人體工學曲線乳膠枕/i/2095209?Store=5&Cate=50700,50700,https://www.etmall.com.tw/枕頭-寢具/c2/50700
2095215,Hilton 希爾頓 五星級純棉立體銀離子抑菌獨立筒枕,619,寢具,枕頭,https://www.etmall.com.tw/Hilton-希爾頓-五星級純棉立體銀離子抑菌獨立筒枕/i/2095215?Store=5&Cate=50700,50700,https://www.etmall.com.tw/枕頭-寢具/c2/50700
2080671,LooCa 全波形乳膠舒眠枕(2入)-1月活動,1082,寢具,枕頭,https://www.etmall.com.tw/LooCa-全波形乳膠舒眠枕-2入-1月活動/i/2080671?Store=5&Cate=50700,50700,https://www.etmall.com.tw/枕頭-寢具/c2/50700
2077640,Dr.Air透氣專家 3D天絲冬夏兩用 頸椎支撐枕 動態釋壓舒眠枕 X型軟棉 柔軟兼具彈性(偏高枕),594,寢具,枕頭,https://www.etmall.com.tw/Dr-Air透氣專家-3D天絲冬夏兩用-頸椎支撐枕-動態釋壓舒眠枕-X型軟棉-柔軟兼具彈性-偏高枕/i/2077640?Store=5&Cate=50700,50700,https://www.etmall.com.tw/枕頭-寢具/c2/50700
2047162,金健康3D伸展減壓舒頸枕旗艦版,2180,寢具,枕頭,https://www.etmall.com.tw/金健康3D伸展減壓舒頸枕旗艦版/i/2047162?Store=5&Cate=50700,50700,https://www.etmall.com.tw/枕頭-寢具/c2/50700
2047161,金健康3D伸展減壓舒頸寄異枕旗艦版2入,3880,寢具,枕頭,https://www.etmall.com.tw/金健康3D伸展減壓舒頸寄異枕旗艦版2入/i/2047161?Store=5&Cate=50700,50700,https://www.etmall.com.tw/枕頭-寢具/c2/50700
2031875,日本大京電販  4D防螨涼感枕超值2入組 ,1512,寢具,枕頭,https://www.etmall.com.tw/日本大京電販-4D防螨涼感枕超值2入組/i/2031875?Store=5&Cate=50700,50700,https://www.etmall.com.tw/枕頭-寢具/c2/50700
2017714,LooCa 可水洗高彈力空氣枕2顆-60x35x8/12公分,1680,寢具,枕頭,https://www.etmall.com.tw/LooCa-可水洗高彈力空氣枕2顆-60x35x8-12公分/i/2017714?Store=5&Cate=50700,50700,https://www.etmall.com.tw/枕頭-寢具/c2/50700
1975593,【BUHO布歐】薰衣草記憶坐靠墊[坐墊+腰靠墊(附鬆緊帶)],688,寢具,枕頭,https://www.etmall.com.tw/BUHO布歐-薰衣草記憶坐靠墊-坐墊-腰靠墊-附鬆緊帶/i/1975593?Store=5&Cate=50700,50700,https://www.etmall.com.tw/枕頭-寢具/c2/50700
1875467,【Novaya】《微笑寶貝》天然乳膠中童枕(9款),508,寢具,枕頭,https://www.etmall.com.tw/Novaya-微笑寶貝-天然乳膠中童枕-9款/i/1875467?Store=5&Cate=50700,50700,https://www.etmall.com.tw/枕頭-寢具/c2/50700
1847460,【CHI MEI】高密度竹備長炭記憶枕(2入),1617,寢具,枕頭,https://www.etmall.com.tw/CHI-MEI-高密度竹備長炭記憶枕-2入/i/1847460?Store=5&Cate=50700,50700,https://www.etmall.com.tw/枕頭-寢具/c2/50700
1825009,海夫 日華 輪椅用頭枕 台灣製,1875,寢具,枕頭,https://www.etmall.com.tw/海夫-日華-輪椅用頭枕-台灣製/i/1825009?Store=5&Cate=50700,50700,https://www.etmall.com.tw/枕頭-寢具/c2/50700
1812044,Incare 日本4D技術舒壓透氣防鼾蝶型枕(60.5*32cm加大新版),1024,寢具,枕頭,https://www.etmall.com.tw/Incare-日本4D技術舒壓透氣防鼾蝶型枕-60-5-32cm加大新版/i/1812044?Store=5&Cate=50700,50700,https://www.etmall.com.tw/枕頭-寢具/c2/50700
1774429,法式寢飾花季 優雅生活-五星飯店專用款羽絨枕頭(20%羽絨)買一送一組,1438,寢具,枕頭,https://www.etmall.com.tw/法式寢飾花季-優雅生活-五星飯店專用款羽絨枕頭-20-羽絨-買一送一組/i/1774429?Store=5&Cate=50700,50700,https://www.etmall.com.tw/枕頭-寢具/c2/50700
1740984,LooCa 全智能三段式乳膠負離子獨立筒枕(1入)-1月活動,809,寢具,枕頭,https://www.etmall.com.tw/LooCa-全智能三段式乳膠負離子獨立筒枕-1入-1月活動/i/1740984?Store=5&Cate=50700,50700,https://www.etmall.com.tw/枕頭-寢具/c2/50700
6219557, 【BUTTERFLY】綠豆殼透氣健康枕  一入 ,594,寢具,枕頭,https://www.etmall.com.tw/BUTTERFLY-綠豆殼透氣健康枕-一入/i/6219557?Store=5&Cate=50700,50700,https://www.etmall.com.tw/枕頭-寢具/c2/50700
2179857,澳洲Simple Living  七星級防霉抗菌高彈力釋壓枕-二入(台灣製),1207,寢具,枕頭,https://www.etmall.com.tw/澳洲Simple-Living-七星級防霉抗菌高彈力釋壓枕-二入-台灣製/i/2179857?Store=5&Cate=50700,50700,https://www.etmall.com.tw/枕頭-寢具/c2/50700
2217861,NINO1881 天絲釋壓竹炭記憶枕2入,1480,寢具,枕頭,https://www.etmall.com.tw/NINO1881-天絲釋壓竹炭記憶枕2入/i/2217861?Store=5&Cate=50700,50700,https://www.etmall.com.tw/枕頭-寢具/c2/50700
6087771,MIT科技羽絲絨枕2入,404,寢具,枕頭,https://www.etmall.com.tw/MIT科技羽絲絨枕2入/i/6087771?Store=5&Cate=50700,50700,https://www.etmall.com.tw/枕頭-寢具/c2/50700
2179868,澳洲Simple Living 抑菌活性碳慢回彈零壓工學記憶枕-一入(台灣製),759,寢具,枕頭,https://www.etmall.com.tw/澳洲Simple-Living-抑菌活性碳慢回彈零壓工學記憶枕-一入-台灣製/i/2179868?Store=5&Cate=50700,50700,https://www.etmall.com.tw/枕頭-寢具/c2/50700
1948338,Hilton 希爾頓 6D透氣舒柔乳膠枕,599,寢具,枕頭,https://www.etmall.com.tw/Hilton-希爾頓-6D透氣舒柔乳膠枕/i/1948338?Store=5&Cate=50700,50700,https://www.etmall.com.tw/枕頭-寢具/c2/50700
1729728,FUJI-GRACE 蝶型磁石記憶棉透氣枕-大尺寸,645,寢具,枕頭,https://www.etmall.com.tw/FUJI-GRACE-蝶型磁石記憶棉透氣枕-大尺寸/i/1729728?Store=5&Cate=50700,50700,https://www.etmall.com.tw/枕頭-寢具/c2/50700
2201073,DR.Luo零重力舒壓枕【送薰衣草香氛水竹1入】,2451,寢具,枕頭,https://www.etmall.com.tw/DR-Luo零重力舒壓枕-送薰衣草香氛水竹1入/i/2201073?Store=5&Cate=50700,50700,https://www.etmall.com.tw/枕頭-寢具/c2/50700
2180912,[AndyBedding]MIT五星級人工水鳥羽毛枕(2入),353,寢具,枕頭,https://www.etmall.com.tw/AndyBedding-MIT五星級人工水鳥羽毛枕-2入/i/2180912?Store=5&Cate=50700,50700,https://www.etmall.com.tw/枕頭-寢具/c2/50700
2141013,HILTON 希爾頓  純棉獨立筒枕 VIP貴賓 立體銀離子抑菌 2入組,990,寢具,枕頭,https://www.etmall.com.tw/HILTON-希爾頓-純棉獨立筒枕-VIP貴賓-立體銀離子抑菌-2入組/i/2141013?Store=5&Cate=50700,50700,https://www.etmall.com.tw/枕頭-寢具/c2/50700
2083831,米夢家居-內凹保健深度睡眠止鼾-護耳灌模記憶中高枕(密度60) (1入),1074,寢具,枕頭,https://www.etmall.com.tw/米夢家居-內凹保健深度睡眠止鼾-護耳灌模記憶中高枕-密度60-1入/i/2083831?Store=5&Cate=50700,50700,https://www.etmall.com.tw/枕頭-寢具/c2/50700
1831292,日本3D超紓壓透氣磁石款碟型枕-小(顏色隨機) FJ-835,592,寢具,枕頭,https://www.etmall.com.tw/日本3D超紓壓透氣磁石款碟型枕-小-顏色隨機-FJ-835/i/1831292?Store=5&Cate=50700,50700,https://www.etmall.com.tw/枕頭-寢具/c2/50700
1751730,臺灣製造3M繽紛水洗抗菌枕(2入),585,寢具,枕頭,https://www.etmall.com.tw/臺灣製造3M繽紛水洗抗菌枕-2入/i/1751730?Store=5&Cate=50700,50700,https://www.etmall.com.tw/枕頭-寢具/c2/50700
1730312,台灣製造4D透氣水洗抗菌枕2入,673,寢具,枕頭,https://www.etmall.com.tw/台灣製造4D透氣水洗抗菌枕2入/i/1730312?Store=5&Cate=50700,50700,https://www.etmall.com.tw/枕頭-寢具/c2/50700
1722710,LooCa全新天然乳膠肩頸紓壓枕,1280,寢具,枕頭,https://www.etmall.com.tw/LooCa全新天然乳膠肩頸紓壓枕/i/1722710?Store=5&Cate=50700,50700,https://www.etmall.com.tw/枕頭-寢具/c2/50700
6209190,AGAPE亞加.貝 MIT台灣製3M防潑水專利防蹣抗菌枕頭套式保潔墊2入-紳士灰,344,寢具,枕頭,https://www.etmall.com.tw/AGAPE亞加-貝-MIT台灣製3M防潑水專利防蹣抗菌枕頭套式保潔墊2入-紳士灰/i/6209190?Store=5&Cate=50700,50700,https://www.etmall.com.tw/枕頭-寢具/c2/50700
2235132,NINO1881 夏日舒適透氣蠶絲枕2入,890,寢具,枕頭,https://www.etmall.com.tw/NINO1881-夏日舒適透氣蠶絲枕2入/i/2235132?Store=5&Cate=50700,50700,https://www.etmall.com.tw/枕頭-寢具/c2/50700
2242761,《Embrace英柏絲》柔軟體感 人體工學蝶形天絲記憶枕 慢回彈冷壓記憶棉 加強支撐度,1101,寢具,枕頭,https://www.etmall.com.tw/Embrace英柏絲-柔軟體感-人體工學蝶形天絲記憶枕-慢回彈冷壓記憶棉-加強支撐度/i/2242761?Store=5&Cate=50700,50700,https://www.etmall.com.tw/枕頭-寢具/c2/50700
2237328,《Dr.Air透氣專家》3D可水洗透氣 涼夏款 蝶型枕 台灣製(偏硬枕)MIT台灣製造(可以洗的枕頭),594,寢具,枕頭,https://www.etmall.com.tw/Dr-Air透氣專家-3D可水洗透氣-涼夏款-蝶型枕-台灣製-偏硬枕-MIT台灣製造-可以洗的枕頭/i/2237328?Store=5&Cate=50700,50700,https://www.etmall.com.tw/枕頭-寢具/c2/50700
2205368,《Embrace英柏絲》防蹣認證 日本大和JIS 抗菌枕頭(二入)特製棉 過敏體質推薦 ,852,寢具,枕頭,https://www.etmall.com.tw/Embrace英柏絲-防蹣認證-日本大和JIS-抗菌枕頭-二入-特製棉-過敏體質推薦/i/2205368?Store=5&Cate=50700,50700,https://www.etmall.com.tw/枕頭-寢具/c2/50700
2179875,澳洲Simple Living 標準型100%天然透氣乳膠枕-二入(40x57cm),1517,寢具,枕頭,https://www.etmall.com.tw/澳洲Simple-Living-標準型100-天然透氣乳膠枕-二入-40x57cm/i/2179875?Store=5&Cate=50700,50700,https://www.etmall.com.tw/枕頭-寢具/c2/50700
2179874,澳洲Simple Living 100%天然乳膠人體工學舒眠枕-一入(36x56cm),759,寢具,枕頭,https://www.etmall.com.tw/澳洲Simple-Living-100-天然乳膠人體工學舒眠枕-一入-36x56cm/i/2179874?Store=5&Cate=50700,50700,https://www.etmall.com.tw/枕頭-寢具/c2/50700
2179878,澳洲Simple Living 氣壓式微米顆粒透氣乳膠枕-一入(45x70cm),759,寢具,枕頭,https://www.etmall.com.tw/澳洲Simple-Living-氣壓式微米顆粒透氣乳膠枕-一入-45x70cm/i/2179878?Store=5&Cate=50700,50700,https://www.etmall.com.tw/枕頭-寢具/c2/50700
2118375,三合苑HOMESense-精梳純棉單色 超大 長抱枕_150x50cm 2.3kg 男友枕 超大抱枕 抬腿枕,624,寢具,枕頭,https://www.etmall.com.tw/三合苑HOMESense-精梳純棉單色-超大-長抱枕-150x50cm-2-3kg-男友枕-超大抱枕-抬腿枕/i/2118375?Store=5&Cate=50700,50700,https://www.etmall.com.tw/枕頭-寢具/c2/50700
2102285,LooCa 超透氣獨立筒枕2入+美國Microban抗菌保潔墊1入+防蹣枕套,1152,寢具,枕頭,https://www.etmall.com.tw/LooCa-超透氣獨立筒枕2入-美國Microban抗菌保潔墊1入-防蹣枕套/i/2102285?Store=5&Cate=50700,50700,https://www.etmall.com.tw/枕頭-寢具/c2/50700
2095209,PLAYBOY 吸濕排汗專利 純棉人體工學曲線乳膠枕,1101,寢具,枕頭,https://www.etmall.com.tw/PLAYBOY-吸濕排汗專利-純棉人體工學曲線乳膠枕/i/2095209?Store=5&Cate=50700,50700,https://www.etmall.com.tw/枕頭-寢具/c2/50700
2095215,Hilton 希爾頓 五星級純棉立體銀離子抑菌獨立筒枕,619,寢具,枕頭,https://www.etmall.com.tw/Hilton-希爾頓-五星級純棉立體銀離子抑菌獨立筒枕/i/2095215?Store=5&Cate=50700,50700,https://www.etmall.com.tw/枕頭-寢具/c2/50700
2080671,LooCa 全波形乳膠舒眠枕(2入)-1月活動,1082,寢具,枕頭,https://www.etmall.com.tw/LooCa-全波形乳膠舒眠枕-2入-1月活動/i/2080671?Store=5&Cate=50700,50700,https://www.etmall.com.tw/枕頭-寢具/c2/50700
2077640,Dr.Air透氣專家 3D天絲冬夏兩用 頸椎支撐枕 動態釋壓舒眠枕 X型軟棉 柔軟兼具彈性(偏高枕),594,寢具,枕頭,https://www.etmall.com.tw/Dr-Air透氣專家-3D天絲冬夏兩用-頸椎支撐枕-動態釋壓舒眠枕-X型軟棉-柔軟兼具彈性-偏高枕/i/2077640?Store=5&Cate=50700,50700,https://www.etmall.com.tw/枕頭-寢具/c2/50700
2047162,金健康3D伸展減壓舒頸枕旗艦版,2180,寢具,枕頭,https://www.etmall.com.tw/金健康3D伸展減壓舒頸枕旗艦版/i/2047162?Store=5&Cate=50700,50700,https://www.etmall.com.tw/枕頭-寢具/c2/50700
2047161,金健康3D伸展減壓舒頸寄異枕旗艦版2入,3880,寢具,枕頭,https://www.etmall.com.tw/金健康3D伸展減壓舒頸寄異枕旗艦版2入/i/2047161?Store=5&Cate=50700,50700,https://www.etmall.com.tw/枕頭-寢具/c2/50700
2031875,日本大京電販  4D防螨涼感枕超值2入組 ,1512,寢具,枕頭,https://www.etmall.com.tw/日本大京電販-4D防螨涼感枕超值2入組/i/2031875?Store=5&Cate=50700,50700,https://www.etmall.com.tw/枕頭-寢具/c2/50700
2017714,LooCa 可水洗高彈力空氣枕2顆-60x35x8/12公分,1680,寢具,枕頭,https://www.etmall.com.tw/LooCa-可水洗高彈力空氣枕2顆-60x35x8-12公分/i/2017714?Store=5&Cate=50700,50700,https://www.etmall.com.tw/枕頭-寢具/c2/50700
1975593,【BUHO布歐】薰衣草記憶坐靠墊[坐墊+腰靠墊(附鬆緊帶)],688,寢具,枕頭,https://www.etmall.com.tw/BUHO布歐-薰衣草記憶坐靠墊-坐墊-腰靠墊-附鬆緊帶/i/1975593?Store=5&Cate=50700,50700,https://www.etmall.com.tw/枕頭-寢具/c2/50700
1875467,【Novaya】《微笑寶貝》天然乳膠中童枕(9款),508,寢具,枕頭,https://www.etmall.com.tw/Novaya-微笑寶貝-天然乳膠中童枕-9款/i/1875467?Store=5&Cate=50700,50700,https://www.etmall.com.tw/枕頭-寢具/c2/50700
1847460,【CHI MEI】高密度竹備長炭記憶枕(2入),1617,寢具,枕頭,https://www.etmall.com.tw/CHI-MEI-高密度竹備長炭記憶枕-2入/i/1847460?Store=5&Cate=50700,50700,https://www.etmall.com.tw/枕頭-寢具/c2/50700
1825009,海夫 日華 輪椅用頭枕 台灣製,1875,寢具,枕頭,https://www.etmall.com.tw/海夫-日華-輪椅用頭枕-台灣製/i/1825009?Store=5&Cate=50700,50700,https://www.etmall.com.tw/枕頭-寢具/c2/50700
1812044,Incare 日本4D技術舒壓透氣防鼾蝶型枕(60.5*32cm加大新版),1024,寢具,枕頭,https://www.etmall.com.tw/Incare-日本4D技術舒壓透氣防鼾蝶型枕-60-5-32cm加大新版/i/1812044?Store=5&Cate=50700,50700,https://www.etmall.com.tw/枕頭-寢具/c2/50700
1774429,法式寢飾花季 優雅生活-五星飯店專用款羽絨枕頭(20%羽絨)買一送一組,1438,寢具,枕頭,https://www.etmall.com.tw/法式寢飾花季-優雅生活-五星飯店專用款羽絨枕頭-20-羽絨-買一送一組/i/1774429?Store=5&Cate=50700,50700,https://www.etmall.com.tw/枕頭-寢具/c2/50700
1740984,LooCa 全智能三段式乳膠負離子獨立筒枕(1入)-1月活動,809,寢具,枕頭,https://www.etmall.com.tw/LooCa-全智能三段式乳膠負離子獨立筒枕-1入-1月活動/i/1740984?Store=5&Cate=50700,50700,https://www.etmall.com.tw/枕頭-寢具/c2/50700
6219557, 【BUTTERFLY】綠豆殼透氣健康枕  一入 ,594,寢具,枕頭,https://www.etmall.com.tw/BUTTERFLY-綠豆殼透氣健康枕-一入/i/6219557?Store=5&Cate=50700,50700,https://www.etmall.com.tw/枕頭-寢具/c2/50700
2179857,澳洲Simple Living  七星級防霉抗菌高彈力釋壓枕-二入(台灣製),1207,寢具,枕頭,https://www.etmall.com.tw/澳洲Simple-Living-七星級防霉抗菌高彈力釋壓枕-二入-台灣製/i/2179857?Store=5&Cate=50700,50700,https://www.etmall.com.tw/枕頭-寢具/c2/50700
2217861,NINO1881 天絲釋壓竹炭記憶枕2入,1480,寢具,枕頭,https://www.etmall.com.tw/NINO1881-天絲釋壓竹炭記憶枕2入/i/2217861?Store=5&Cate=50700,50700,https://www.etmall.com.tw/枕頭-寢具/c2/50700
6087771,MIT科技羽絲絨枕2入,404,寢具,枕頭,https://www.etmall.com.tw/MIT科技羽絲絨枕2入/i/6087771?Store=5&Cate=50700,50700,https://www.etmall.com.tw/枕頭-寢具/c2/50700
2179868,澳洲Simple Living 抑菌活性碳慢回彈零壓工學記憶枕-一入(台灣製),759,寢具,枕頭,https://www.etmall.com.tw/澳洲Simple-Living-抑菌活性碳慢回彈零壓工學記憶枕-一入-台灣製/i/2179868?Store=5&Cate=50700,50700,https://www.etmall.com.tw/枕頭-寢具/c2/50700
1948338,Hilton 希爾頓 6D透氣舒柔乳膠枕,599,寢具,枕頭,https://www.etmall.com.tw/Hilton-希爾頓-6D透氣舒柔乳膠枕/i/1948338?Store=5&Cate=50700,50700,https://www.etmall.com.tw/枕頭-寢具/c2/50700
1729728,FUJI-GRACE 蝶型磁石記憶棉透氣枕-大尺寸,645,寢具,枕頭,https://www.etmall.com.tw/FUJI-GRACE-蝶型磁石記憶棉透氣枕-大尺寸/i/1729728?Store=5&Cate=50700,50700,https://www.etmall.com.tw/枕頭-寢具/c2/50700
2201073,DR.Luo零重力舒壓枕【送薰衣草香氛水竹1入】,2451,寢具,枕頭,https://www.etmall.com.tw/DR-Luo零重力舒壓枕-送薰衣草香氛水竹1入/i/2201073?Store=5&Cate=50700,50700,https://www.etmall.com.tw/枕頭-寢具/c2/50700
2180912,[AndyBedding]MIT五星級人工水鳥羽毛枕(2入),353,寢具,枕頭,https://www.etmall.com.tw/AndyBedding-MIT五星級人工水鳥羽毛枕-2入/i/2180912?Store=5&Cate=50700,50700,https://www.etmall.com.tw/枕頭-寢具/c2/50700
2141013,HILTON 希爾頓  純棉獨立筒枕 VIP貴賓 立體銀離子抑菌 2入組,990,寢具,枕頭,https://www.etmall.com.tw/HILTON-希爾頓-純棉獨立筒枕-VIP貴賓-立體銀離子抑菌-2入組/i/2141013?Store=5&Cate=50700,50700,https://www.etmall.com.tw/枕頭-寢具/c2/50700
2083831,米夢家居-內凹保健深度睡眠止鼾-護耳灌模記憶中高枕(密度60) (1入),1074,寢具,枕頭,https://www.etmall.com.tw/米夢家居-內凹保健深度睡眠止鼾-護耳灌模記憶中高枕-密度60-1入/i/2083831?Store=5&Cate=50700,50700,https://www.etmall.com.tw/枕頭-寢具/c2/50700
1831292,日本3D超紓壓透氣磁石款碟型枕-小(顏色隨機) FJ-835,592,寢具,枕頭,https://www.etmall.com.tw/日本3D超紓壓透氣磁石款碟型枕-小-顏色隨機-FJ-835/i/1831292?Store=5&Cate=50700,50700,https://www.etmall.com.tw/枕頭-寢具/c2/50700
1751730,臺灣製造3M繽紛水洗抗菌枕(2入),585,寢具,枕頭,https://www.etmall.com.tw/臺灣製造3M繽紛水洗抗菌枕-2入/i/1751730?Store=5&Cate=50700,50700,https://www.etmall.com.tw/枕頭-寢具/c2/50700
1730312,台灣製造4D透氣水洗抗菌枕2入,673,寢具,枕頭,https://www.etmall.com.tw/台灣製造4D透氣水洗抗菌枕2入/i/1730312?Store=5&Cate=50700,50700,https://www.etmall.com.tw/枕頭-寢具/c2/50700
1722710,LooCa全新天然乳膠肩頸紓壓枕,1280,寢具,枕頭,https://www.etmall.com.tw/LooCa全新天然乳膠肩頸紓壓枕/i/1722710?Store=5&Cate=50700,50700,https://www.etmall.com.tw/枕頭-寢具/c2/50700
6209190,AGAPE亞加.貝 MIT台灣製3M防潑水專利防蹣抗菌枕頭套式保潔墊2入-紳士灰,344,寢具,枕頭,https://www.etmall.com.tw/AGAPE亞加-貝-MIT台灣製3M防潑水專利防蹣抗菌枕頭套式保潔墊2入-紳士灰/i/6209190?Store=5&Cate=50700,50700,https://www.etmall.com.tw/枕頭-寢具/c2/50700
2235132,NINO1881 夏日舒適透氣蠶絲枕2入,890,寢具,枕頭,https://www.etmall.com.tw/NINO1881-夏日舒適透氣蠶絲枕2入/i/2235132?Store=5&Cate=50700,50700,https://www.etmall.com.tw/枕頭-寢具/c2/50700
2242761,《Embrace英柏絲》柔軟體感 人體工學蝶形天絲記憶枕 慢回彈冷壓記憶棉 加強支撐度,1101,寢具,枕頭,https://www.etmall.com.tw/Embrace英柏絲-柔軟體感-人體工學蝶形天絲記憶枕-慢回彈冷壓記憶棉-加強支撐度/i/2242761?Store=5&Cate=50700,50700,https://www.etmall.com.tw/枕頭-寢具/c2/50700
2237328,《Dr.Air透氣專家》3D可水洗透氣 涼夏款 蝶型枕 台灣製(偏硬枕)MIT台灣製造(可以洗的枕頭),594,寢具,枕頭,https://www.etmall.com.tw/Dr-Air透氣專家-3D可水洗透氣-涼夏款-蝶型枕-台灣製-偏硬枕-MIT台灣製造-可以洗的枕頭/i/2237328?Store=5&Cate=50700,50700,https://www.etmall.com.tw/枕頭-寢具/c2/50700
2205368,《Embrace英柏絲》防蹣認證 日本大和JIS 抗菌枕頭(二入)特製棉 過敏體質推薦 ,852,寢具,枕頭,https://www.etmall.com.tw/Embrace英柏絲-防蹣認證-日本大和JIS-抗菌枕頭-二入-特製棉-過敏體質推薦/i/2205368?Store=5&Cate=50700,50700,https://www.etmall.com.tw/枕頭-寢具/c2/50700
2179875,澳洲Simple Living 標準型100%天然透氣乳膠枕-二入(40x57cm),1517,寢具,枕頭,https://www.etmall.com.tw/澳洲Simple-Living-標準型100-天然透氣乳膠枕-二入-40x57cm/i/2179875?Store=5&Cate=50700,50700,https://www.etmall.com.tw/枕頭-寢具/c2/50700
2179874,澳洲Simple Living 100%天然乳膠人體工學舒眠枕-一入(36x56cm),759,寢具,枕頭,https://www.etmall.com.tw/澳洲Simple-Living-100-天然乳膠人體工學舒眠枕-一入-36x56cm/i/2179874?Store=5&Cate=50700,50700,https://www.etmall.com.tw/枕頭-寢具/c2/50700
2179878,澳洲Simple Living 氣壓式微米顆粒透氣乳膠枕-一入(45x70cm),759,寢具,枕頭,https://www.etmall.com.tw/澳洲Simple-Living-氣壓式微米顆粒透氣乳膠枕-一入-45x70cm/i/2179878?Store=5&Cate=50700,50700,https://www.etmall.com.tw/枕頭-寢具/c2/50700
2118375,三合苑HOMESense-精梳純棉單色 超大 長抱枕_150x50cm 2.3kg 男友枕 超大抱枕 抬腿枕,624,寢具,枕頭,https://www.etmall.com.tw/三合苑HOMESense-精梳純棉單色-超大-長抱枕-150x50cm-2-3kg-男友枕-超大抱枕-抬腿枕/i/2118375?Store=5&Cate=50700,50700,https://www.etmall.com.tw/枕頭-寢具/c2/50700
2102285,LooCa 超透氣獨立筒枕2入+美國Microban抗菌保潔墊1入+防蹣枕套,1152,寢具,枕頭,https://www.etmall.com.tw/LooCa-超透氣獨立筒枕2入-美國Microban抗菌保潔墊1入-防蹣枕套/i/2102285?Store=5&Cate=50700,50700,https://www.etmall.com.tw/枕頭-寢具/c2/50700
2095209,PLAYBOY 吸濕排汗專利 純棉人體工學曲線乳膠枕,1101,寢具,枕頭,https://www.etmall.com.tw/PLAYBOY-吸濕排汗專利-純棉人體工學曲線乳膠枕/i/2095209?Store=5&Cate=50700,50700,https://www.etmall.com.tw/枕頭-寢具/c2/50700
2095215,Hilton 希爾頓 五星級純棉立體銀離子抑菌獨立筒枕,619,寢具,枕頭,https://www.etmall.com.tw/Hilton-希爾頓-五星級純棉立體銀離子抑菌獨立筒枕/i/2095215?Store=5&Cate=50700,50700,https://www.etmall.com.tw/枕頭-寢具/c2/50700
2080671,LooCa 全波形乳膠舒眠枕(2入)-1月活動,1082,寢具,枕頭,https://www.etmall.com.tw/LooCa-全波形乳膠舒眠枕-2入-1月活動/i/2080671?Store=5&Cate=50700,50700,https://www.etmall.com.tw/枕頭-寢具/c2/50700
2077640,Dr.Air透氣專家 3D天絲冬夏兩用 頸椎支撐枕 動態釋壓舒眠枕 X型軟棉 柔軟兼具彈性(偏高枕),594,寢具,枕頭,https://www.etmall.com.tw/Dr-Air透氣專家-3D天絲冬夏兩用-頸椎支撐枕-動態釋壓舒眠枕-X型軟棉-柔軟兼具彈性-偏高枕/i/2077640?Store=5&Cate=50700,50700,https://www.etmall.com.tw/枕頭-寢具/c2/50700
2047162,金健康3D伸展減壓舒頸枕旗艦版,2180,寢具,枕頭,https://www.etmall.com.tw/金健康3D伸展減壓舒頸枕旗艦版/i/2047162?Store=5&Cate=50700,50700,https://www.etmall.com.tw/枕頭-寢具/c2/50700
2047161,金健康3D伸展減壓舒頸寄異枕旗艦版2入,3880,寢具,枕頭,https://www.etmall.com.tw/金健康3D伸展減壓舒頸寄異枕旗艦版2入/i/2047161?Store=5&Cate=50700,50700,https://www.etmall.com.tw/枕頭-寢具/c2/50700
2031875,日本大京電販  4D防螨涼感枕超值2入組 ,1512,寢具,枕頭,https://www.etmall.com.tw/日本大京電販-4D防螨涼感枕超值2入組/i/2031875?Store=5&Cate=50700,50700,https://www.etmall.com.tw/枕頭-寢具/c2/50700
2017714,LooCa 可水洗高彈力空氣枕2顆-60x35x8/12公分,1680,寢具,枕頭,https://www.etmall.com.tw/LooCa-可水洗高彈力空氣枕2顆-60x35x8-12公分/i/2017714?Store=5&Cate=50700,50700,https://www.etmall.com.tw/枕頭-寢具/c2/50700
1975593,【BUHO布歐】薰衣草記憶坐靠墊[坐墊+腰靠墊(附鬆緊帶)],688,寢具,枕頭,https://www.etmall.com.tw/BUHO布歐-薰衣草記憶坐靠墊-坐墊-腰靠墊-附鬆緊帶/i/1975593?Store=5&Cate=50700,50700,https://www.etmall.com.tw/枕頭-寢具/c2/50700
1875467,【Novaya】《微笑寶貝》天然乳膠中童枕(9款),508,寢具,枕頭,https://www.etmall.com.tw/Novaya-微笑寶貝-天然乳膠中童枕-9款/i/1875467?Store=5&Cate=50700,50700,https://www.etmall.com.tw/枕頭-寢具/c2/50700
1847460,【CHI MEI】高密度竹備長炭記憶枕(2入),1617,寢具,枕頭,https://www.etmall.com.tw/CHI-MEI-高密度竹備長炭記憶枕-2入/i/1847460?Store=5&Cate=50700,50700,https://www.etmall.com.tw/枕頭-寢具/c2/50700
1825009,海夫 日華 輪椅用頭枕 台灣製,1875,寢具,枕頭,https://www.etmall.com.tw/海夫-日華-輪椅用頭枕-台灣製/i/1825009?Store=5&Cate=50700,50700,https://www.etmall.com.tw/枕頭-寢具/c2/50700
1812044,Incare 日本4D技術舒壓透氣防鼾蝶型枕(60.5*32cm加大新版),1024,寢具,枕頭,https://www.etmall.com.tw/Incare-日本4D技術舒壓透氣防鼾蝶型枕-60-5-32cm加大新版/i/1812044?Store=5&Cate=50700,50700,https://www.etmall.com.tw/枕頭-寢具/c2/50700
1774429,法式寢飾花季 優雅生活-五星飯店專用款羽絨枕頭(20%羽絨)買一送一組,1438,寢具,枕頭,https://www.etmall.com.tw/法式寢飾花季-優雅生活-五星飯店專用款羽絨枕頭-20-羽絨-買一送一組/i/1774429?Store=5&Cate=50700,50700,https://www.etmall.com.tw/枕頭-寢具/c2/50700
1740984,LooCa 全智能三段式乳膠負離子獨立筒枕(1入)-1月活動,809,寢具,枕頭,https://www.etmall.com.tw/LooCa-全智能三段式乳膠負離子獨立筒枕-1入-1月活動/i/1740984?Store=5&Cate=50700,50700,https://www.etmall.com.tw/枕頭-寢具/c2/50700
6219557, 【BUTTERFLY】綠豆殼透氣健康枕  一入 ,594,寢具,枕頭,https://www.etmall.com.tw/BUTTERFLY-綠豆殼透氣健康枕-一入/i/6219557?Store=5&Cate=50700,50700,https://www.etmall.com.tw/枕頭-寢具/c2/50700
2179857,澳洲Simple Living  七星級防霉抗菌高彈力釋壓枕-二入(台灣製),1207,寢具,枕頭,https://www.etmall.com.tw/澳洲Simple-Living-七星級防霉抗菌高彈力釋壓枕-二入-台灣製/i/2179857?Store=5&Cate=50700,50700,https://www.etmall.com.tw/枕頭-寢具/c2/50700
2217861,NINO1881 天絲釋壓竹炭記憶枕2入,1480,寢具,枕頭,https://www.etmall.com.tw/NINO1881-天絲釋壓竹炭記憶枕2入/i/2217861?Store=5&Cate=50700,50700,https://www.etmall.com.tw/枕頭-寢具/c2/50700
6087771,MIT科技羽絲絨枕2入,404,寢具,枕頭,https://www.etmall.com.tw/MIT科技羽絲絨枕2入/i/6087771?Store=5&Cate=50700,50700,https://www.etmall.com.tw/枕頭-寢具/c2/50700
2179868,澳洲Simple Living 抑菌活性碳慢回彈零壓工學記憶枕-一入(台灣製),759,寢具,枕頭,https://www.etmall.com.tw/澳洲Simple-Living-抑菌活性碳慢回彈零壓工學記憶枕-一入-台灣製/i/2179868?Store=5&Cate=50700,50700,https://www.etmall.com.tw/枕頭-寢具/c2/50700
1948338,Hilton 希爾頓 6D透氣舒柔乳膠枕,599,寢具,枕頭,https://www.etmall.com.tw/Hilton-希爾頓-6D透氣舒柔乳膠枕/i/1948338?Store=5&Cate=50700,50700,https://www.etmall.com.tw/枕頭-寢具/c2/50700
1729728,FUJI-GRACE 蝶型磁石記憶棉透氣枕-大尺寸,645,寢具,枕頭,https://www.etmall.com.tw/FUJI-GRACE-蝶型磁石記憶棉透氣枕-大尺寸/i/1729728?Store=5&Cate=50700,50700,https://www.etmall.com.tw/枕頭-寢具/c2/50700
2201073,DR.Luo零重力舒壓枕【送薰衣草香氛水竹1入】,2451,寢具,枕頭,https://www.etmall.com.tw/DR-Luo零重力舒壓枕-送薰衣草香氛水竹1入/i/2201073?Store=5&Cate=50700,50700,https://www.etmall.com.tw/枕頭-寢具/c2/50700
2180912,[AndyBedding]MIT五星級人工水鳥羽毛枕(2入),353,寢具,枕頭,https://www.etmall.com.tw/AndyBedding-MIT五星級人工水鳥羽毛枕-2入/i/2180912?Store=5&Cate=50700,50700,https://www.etmall.com.tw/枕頭-寢具/c2/50700
2141013,HILTON 希爾頓  純棉獨立筒枕 VIP貴賓 立體銀離子抑菌 2入組,990,寢具,枕頭,https://www.etmall.com.tw/HILTON-希爾頓-純棉獨立筒枕-VIP貴賓-立體銀離子抑菌-2入組/i/2141013?Store=5&Cate=50700,50700,https://www.etmall.com.tw/枕頭-寢具/c2/50700
2083831,米夢家居-內凹保健深度睡眠止鼾-護耳灌模記憶中高枕(密度60) (1入),1074,寢具,枕頭,https://www.etmall.com.tw/米夢家居-內凹保健深度睡眠止鼾-護耳灌模記憶中高枕-密度60-1入/i/2083831?Store=5&Cate=50700,50700,https://www.etmall.com.tw/枕頭-寢具/c2/50700
1831292,日本3D超紓壓透氣磁石款碟型枕-小(顏色隨機) FJ-835,592,寢具,枕頭,https://www.etmall.com.tw/日本3D超紓壓透氣磁石款碟型枕-小-顏色隨機-FJ-835/i/1831292?Store=5&Cate=50700,50700,https://www.etmall.com.tw/枕頭-寢具/c2/50700
1751730,臺灣製造3M繽紛水洗抗菌枕(2入),585,寢具,枕頭,https://www.etmall.com.tw/臺灣製造3M繽紛水洗抗菌枕-2入/i/1751730?Store=5&Cate=50700,50700,https://www.etmall.com.tw/枕頭-寢具/c2/50700
1730312,台灣製造4D透氣水洗抗菌枕2入,673,寢具,枕頭,https://www.etmall.com.tw/台灣製造4D透氣水洗抗菌枕2入/i/1730312?Store=5&Cate=50700,50700,https://www.etmall.com.tw/枕頭-寢具/c2/50700
1722710,LooCa全新天然乳膠肩頸紓壓枕,1280,寢具,枕頭,https://www.etmall.com.tw/LooCa全新天然乳膠肩頸紓壓枕/i/1722710?Store=5&Cate=50700,50700,https://www.etmall.com.tw/枕頭-寢具/c2/50700
6209190,AGAPE亞加.貝 MIT台灣製3M防潑水專利防蹣抗菌枕頭套式保潔墊2入-紳士灰,344,寢具,枕頭,https://www.etmall.com.tw/AGAPE亞加-貝-MIT台灣製3M防潑水專利防蹣抗菌枕頭套式保潔墊2入-紳士灰/i/6209190?Store=5&Cate=50700,50700,https://www.etmall.com.tw/枕頭-寢具/c2/50700
2235132,NINO1881 夏日舒適透氣蠶絲枕2入,890,寢具,枕頭,https://www.etmall.com.tw/NINO1881-夏日舒適透氣蠶絲枕2入/i/2235132?Store=5&Cate=50700,50700,https://www.etmall.com.tw/枕頭-寢具/c2/50700
2242761,《Embrace英柏絲》柔軟體感 人體工學蝶形天絲記憶枕 慢回彈冷壓記憶棉 加強支撐度,1101,寢具,枕頭,https://www.etmall.com.tw/Embrace英柏絲-柔軟體感-人體工學蝶形天絲記憶枕-慢回彈冷壓記憶棉-加強支撐度/i/2242761?Store=5&Cate=50700,50700,https://www.etmall.com.tw/枕頭-寢具/c2/50700
2237328,《Dr.Air透氣專家》3D可水洗透氣 涼夏款 蝶型枕 台灣製(偏硬枕)MIT台灣製造(可以洗的枕頭),594,寢具,枕頭,https://www.etmall.com.tw/Dr-Air透氣專家-3D可水洗透氣-涼夏款-蝶型枕-台灣製-偏硬枕-MIT台灣製造-可以洗的枕頭/i/2237328?Store=5&Cate=50700,50700,https://www.etmall.com.tw/枕頭-寢具/c2/50700
2205368,《Embrace英柏絲》防蹣認證 日本大和JIS 抗菌枕頭(二入)特製棉 過敏體質推薦 ,852,寢具,枕頭,https://www.etmall.com.tw/Embrace英柏絲-防蹣認證-日本大和JIS-抗菌枕頭-二入-特製棉-過敏體質推薦/i/2205368?Store=5&Cate=50700,50700,https://www.etmall.com.tw/枕頭-寢具/c2/50700
2179875,澳洲Simple Living 標準型100%天然透氣乳膠枕-二入(40x57cm),1517,寢具,枕頭,https://www.etmall.com.tw/澳洲Simple-Living-標準型100-天然透氣乳膠枕-二入-40x57cm/i/2179875?Store=5&Cate=50700,50700,https://www.etmall.com.tw/枕頭-寢具/c2/50700
2179874,澳洲Simple Living 100%天然乳膠人體工學舒眠枕-一入(36x56cm),759,寢具,枕頭,https://www.etmall.com.tw/澳洲Simple-Living-100-天然乳膠人體工學舒眠枕-一入-36x56cm/i/2179874?Store=5&Cate=50700,50700,https://www.etmall.com.tw/枕頭-寢具/c2/50700
2179878,澳洲Simple Living 氣壓式微米顆粒透氣乳膠枕-一入(45x70cm),759,寢具,枕頭,https://www.etmall.com.tw/澳洲Simple-Living-氣壓式微米顆粒透氣乳膠枕-一入-45x70cm/i/2179878?Store=5&Cate=50700,50700,https://www.etmall.com.tw/枕頭-寢具/c2/50700
2118375,三合苑HOMESense-精梳純棉單色 超大 長抱枕_150x50cm 2.3kg 男友枕 超大抱枕 抬腿枕,624,寢具,枕頭,https://www.etmall.com.tw/三合苑HOMESense-精梳純棉單色-超大-長抱枕-150x50cm-2-3kg-男友枕-超大抱枕-抬腿枕/i/2118375?Store=5&Cate=50700,50700,https://www.etmall.com.tw/枕頭-寢具/c2/50700
2102285,LooCa 超透氣獨立筒枕2入+美國Microban抗菌保潔墊1入+防蹣枕套,1152,寢具,枕頭,https://www.etmall.com.tw/LooCa-超透氣獨立筒枕2入-美國Microban抗菌保潔墊1入-防蹣枕套/i/2102285?Store=5&Cate=50700,50700,https://www.etmall.com.tw/枕頭-寢具/c2/50700
2095209,PLAYBOY 吸濕排汗專利 純棉人體工學曲線乳膠枕,1101,寢具,枕頭,https://www.etmall.com.tw/PLAYBOY-吸濕排汗專利-純棉人體工學曲線乳膠枕/i/2095209?Store=5&Cate=50700,50700,https://www.etmall.com.tw/枕頭-寢具/c2/50700
2095215,Hilton 希爾頓 五星級純棉立體銀離子抑菌獨立筒枕,619,寢具,枕頭,https://www.etmall.com.tw/Hilton-希爾頓-五星級純棉立體銀離子抑菌獨立筒枕/i/2095215?Store=5&Cate=50700,50700,https://www.etmall.com.tw/枕頭-寢具/c2/50700
2080671,LooCa 全波形乳膠舒眠枕(2入)-1月活動,1082,寢具,枕頭,https://www.etmall.com.tw/LooCa-全波形乳膠舒眠枕-2入-1月活動/i/2080671?Store=5&Cate=50700,50700,https://www.etmall.com.tw/枕頭-寢具/c2/50700
2077640,Dr.Air透氣專家 3D天絲冬夏兩用 頸椎支撐枕 動態釋壓舒眠枕 X型軟棉 柔軟兼具彈性(偏高枕),594,寢具,枕頭,https://www.etmall.com.tw/Dr-Air透氣專家-3D天絲冬夏兩用-頸椎支撐枕-動態釋壓舒眠枕-X型軟棉-柔軟兼具彈性-偏高枕/i/2077640?Store=5&Cate=50700,50700,https://www.etmall.com.tw/枕頭-寢具/c2/50700
2047162,金健康3D伸展減壓舒頸枕旗艦版,2180,寢具,枕頭,https://www.etmall.com.tw/金健康3D伸展減壓舒頸枕旗艦版/i/2047162?Store=5&Cate=50700,50700,https://www.etmall.com.tw/枕頭-寢具/c2/50700
2047161,金健康3D伸展減壓舒頸寄異枕旗艦版2入,3880,寢具,枕頭,https://www.etmall.com.tw/金健康3D伸展減壓舒頸寄異枕旗艦版2入/i/2047161?Store=5&Cate=50700,50700,https://www.etmall.com.tw/枕頭-寢具/c2/50700
2031875,日本大京電販  4D防螨涼感枕超值2入組 ,1512,寢具,枕頭,https://www.etmall.com.tw/日本大京電販-4D防螨涼感枕超值2入組/i/2031875?Store=5&Cate=50700,50700,https://www.etmall.com.tw/枕頭-寢具/c2/50700
2017714,LooCa 可水洗高彈力空氣枕2顆-60x35x8/12公分,1680,寢具,枕頭,https://www.etmall.com.tw/LooCa-可水洗高彈力空氣枕2顆-60x35x8-12公分/i/2017714?Store=5&Cate=50700,50700,https://www.etmall.com.tw/枕頭-寢具/c2/50700
1975593,【BUHO布歐】薰衣草記憶坐靠墊[坐墊+腰靠墊(附鬆緊帶)],688,寢具,枕頭,https://www.etmall.com.tw/BUHO布歐-薰衣草記憶坐靠墊-坐墊-腰靠墊-附鬆緊帶/i/1975593?Store=5&Cate=50700,50700,https://www.etmall.com.tw/枕頭-寢具/c2/50700
1875467,【Novaya】《微笑寶貝》天然乳膠中童枕(9款),508,寢具,枕頭,https://www.etmall.com.tw/Novaya-微笑寶貝-天然乳膠中童枕-9款/i/1875467?Store=5&Cate=50700,50700,https://www.etmall.com.tw/枕頭-寢具/c2/50700
1847460,【CHI MEI】高密度竹備長炭記憶枕(2入),1617,寢具,枕頭,https://www.etmall.com.tw/CHI-MEI-高密度竹備長炭記憶枕-2入/i/1847460?Store=5&Cate=50700,50700,https://www.etmall.com.tw/枕頭-寢具/c2/50700
1825009,海夫 日華 輪椅用頭枕 台灣製,1875,寢具,枕頭,https://www.etmall.com.tw/海夫-日華-輪椅用頭枕-台灣製/i/1825009?Store=5&Cate=50700,50700,https://www.etmall.com.tw/枕頭-寢具/c2/50700
1812044,Incare 日本4D技術舒壓透氣防鼾蝶型枕(60.5*32cm加大新版),1024,寢具,枕頭,https://www.etmall.com.tw/Incare-日本4D技術舒壓透氣防鼾蝶型枕-60-5-32cm加大新版/i/1812044?Store=5&Cate=50700,50700,https://www.etmall.com.tw/枕頭-寢具/c2/50700
1774429,法式寢飾花季 優雅生活-五星飯店專用款羽絨枕頭(20%羽絨)買一送一組,1438,寢具,枕頭,https://www.etmall.com.tw/法式寢飾花季-優雅生活-五星飯店專用款羽絨枕頭-20-羽絨-買一送一組/i/1774429?Store=5&Cate=50700,50700,https://www.etmall.com.tw/枕頭-寢具/c2/50700
1740984,LooCa 全智能三段式乳膠負離子獨立筒枕(1入)-1月活動,809,寢具,枕頭,https://www.etmall.com.tw/LooCa-全智能三段式乳膠負離子獨立筒枕-1入-1月活動/i/1740984?Store=5&Cate=50700,50700,https://www.etmall.com.tw/枕頭-寢具/c2/50700
6219557, 【BUTTERFLY】綠豆殼透氣健康枕  一入 ,594,寢具,枕頭,https://www.etmall.com.tw/BUTTERFLY-綠豆殼透氣健康枕-一入/i/6219557?Store=5&Cate=50700,50700,https://www.etmall.com.tw/枕頭-寢具/c2/50700
